reviewId,userName,content,score,thumbsUpCount,reviewCreatedVersion,at,appVersion
73c5c741-9b1a-487d-874e-14730723fc45,Bayo Ojo,Pls open my box I lost it,4,0,,2024-08-07T05:13:12,
d6832124-4e37-4773-a922-5f172f0d66b4,Jerick Obra,Maganda ako,5,0,436.0.0.35.101,2024-08-07T05:13:07,436.0.0.35.101
4282582d-8ef8-4b9f-8796-199a8dcfe973,RAHUL KUMAR DUTTA,good,5,0,475.1.0.46.82,2024-08-07T05:13:07,475.1.0.46.82
b10c767e-f3a8-47b3-82e1-e50599fce99d,Eric Denaga,This is Nice app,5,0,,2024-08-07T05:12:33,
8d517472-1158-4331-8952-dc2360d38514,Hm Jahid Bin Monir,Sei,5,0,,2024-08-07T05:12:21,
20aa7a48-04d1-4311-ac02-aa7197d39c75,Shoaib Baba,Best,5,0,,2024-08-07T05:12:06,
a1a41837-b09d-45f6-9dcb-e1747b9a2fe5,Rizza Llanera,It' so nakakainis. Lahat ng account ko suspended normal account. SUSPENDED! OMG METAAAAAA!!! WALA NAMAN AKO GINAGAWA SA FB WHY SUSPENDED!!!,1,0,475.1.0.46.82,2024-08-07T05:11:26,475.1.0.46.82
97d20002-1c16-4ab3-bad0-2d07b66a6e8e,Anshu Sharma,Bad application application,5,1,475.1.0.46.82,2024-08-07T05:11:21,475.1.0.46.82
94479cab-0bfb-438a-ab85-c5aa539b16c9,Princh Princh Hussain,Nice,5,0,,2024-08-07T05:10:42,
5afae4ce-46bc-46ae-a636-d420ca1a3dc5,Yub Raj Bhattrai,Good,5,0,,2024-08-07T05:10:15,
8c487932-7ee2-4223-99eb-97e6bdd07c22,Farhan Ahammed Shakil,just wow,5,0,475.1.0.46.82,2024-08-07T05:09:59,475.1.0.46.82
719535af-744a-4f96-ac40-f62387ce813f,MD Arman,nice,5,0,474.0.0.52.74,2024-08-07T05:09:50,474.0.0.52.74
5d99251e-5cb6-4dfe-bf8d-9f2717f8e028,Rajkishor Shah,You no any gift me sir Sir am very poor sir plz help me as my fb page grow plz sir no eat rice sir houseüòîüòî,5,0,475.1.0.46.82,2024-08-07T05:08:30,475.1.0.46.82
92f621d8-c28a-41cb-9ca2-f7a2b5c5aa02,Kanubhai Kansara,best tourist places & best' services of Flemingo travels,5,0,475.1.0.46.82,2024-08-07T05:08:13,475.1.0.46.82
075f3347-0d00-43e4-a81a-b61d754a8ea3,Mahakal ka Bhagat Mahakal bhole Baba Shyam saini,Very nice ji,5,0,475.1.0.46.82,2024-08-07T05:07:41,475.1.0.46.82
9a4bc37a-54f2-41d9-8320-46ae0fc9659c,Faizan Brohi,good üòä,5,0,456.0.0.39.90,2024-08-07T05:05:58,456.0.0.39.90
36f0c1fd-b78c-498a-a972-ffa7c40f68bb,Jen,Intrusive. Restricting and is not worth it,1,0,,2024-08-07T05:05:33,
15bf59ee-dc0a-4dd3-92e9-6ff4d1bdfb2e,Tariq Kahn,good üëçüòä,4,0,475.1.0.46.82,2024-08-07T05:05:28,475.1.0.46.82
3979939d-754a-415b-8cd0-32c2f8ee050c,Vishnu Mehta,Best earning money app üòç‚ù§üëë,5,0,436.0.0.35.101,2024-08-07T05:05:20,436.0.0.35.101
948b6852-6eb4-494e-9f3f-ff75c23ed548,vishal singh,‡§Ü ‡§ä‡§ì 99‡§ì‡§™9‡§ì‡§ï‡•á‡§ì ‡§ì‡§™‡•Ä ‡§™‡§∞ ‡§ì‡§ì‡§ì‡§ì 9‡§Ü‡§ä‡§ì ‡§ä‡§ì‡§ì‡§ì‡§ì‡§ì ‡§ì‡§ä ‡§ì‡§ä‡§ì ‡§ì‡§≤‡§Ç‡§™‡§ø‡§ï ‡§∏‡•ç‡§µ‡§∞‡•ç‡§£ ‡§ï‡§≤‡§∂ ‡§∏‡•ç‡§•‡§æ‡§™‡§ø‡§§ ‡§π‡•à ‡§™‡§∞ ‡§ä‡§ì ‡§π‡•à‡§Ç ‡§Ü‡§à‡§™‡•Ä‡§ì ‡§ì‡§™‡•Ä ‡§ä‡§ì‡§ä ‡§Ü‡§ú ‡§ì‡§ì ‡§ì‡§™‡•Ä‡§ì ‡§ì ‡§ä‡§ì‡§ì‡§ì‡§ì‡§ì ‡§ì‡§ì‡§ì‡§ì‡§ì ‡§™‡§∞ ‡§Ü‡§ß‡§æ‡§∞‡§ø‡§§ ‡§π‡•ã9‡§ì‡§™ 9‡§ì‡§ì‡§ì ‡§ì‡§§‡•Ä ‡§ä‡§ì‡§™‡•Ç ‡§Ü‡§ä‡§Ç ‡§Ü‡§à‡§ì ‡§Ü‡§™‡•Ä ‡§ì‡§Ø ‡§ä‡§ì‡§ì ‡§â‡§™ ‡§Ü‡§ä ‡§ä‡§ä‡§ì ‡§à‡§ì ‡§ä‡§ì‡§ì ‡§ä‡§ä‡§ì ‡§ì‡§™ ‡§™‡•Å‡§≤‡•ã‡§Ç ‡§ï‡•Ä ‡§ï‡•ã‡§ï‡§ø‡§≤‡§ï‡•ç‡§≤‡§ï‡•ç‡§≤‡•ã‡§ï,1,0,473.0.0.41.81,2024-08-07T05:05:16,473.0.0.41.81
433d12eb-60b7-47d3-aafd-fe5dacbd6867,VINCE SATURINAS,someone reported my account and I didn't do anything to violate the rules and facebook approved the restrictions to my account. Our topic was about phone's refresh rate and someone reported sexual Activity on my message. This is no fair!,1,0,475.1.0.46.82,2024-08-07T05:05:07,475.1.0.46.82
e1d47b37-1c26-4f44-8fc7-52fe753f74c3,Shahajan Khan,‡¶®‡¶ø‡¶≤‡ßÅ‡ßü,5,0,474.0.0.52.74,2024-08-07T05:03:55,474.0.0.52.74
d7bcfe8d-8a00-4c65-a487-c905a820c961,Halim Ahmed,Febr‡•§ee‡•§,5,0,475.1.0.46.82,2024-08-07T05:03:33,475.1.0.46.82
93895217-de49-4578-b66e-b95549845aef,Adnan Bhatti,nice,3,0,475.1.0.46.82,2024-08-07T05:02:19,475.1.0.46.82
7ec9741c-1a7b-4107-9fe1-2a5b15a51abc,Haseena Shaikh,Hajiboss,5,0,474.0.0.52.74,2024-08-07T05:01:50,474.0.0.52.74
afd1df4c-7697-4024-8133-c457dd0b33cc,Craig Thorn,no chance of Facebook taking action against scammers. but if you repost what is clearly a meme about a certain Turkish shooter the Facebook fact police will be on you in a flash.,1,0,475.1.0.46.82,2024-08-07T05:01:04,475.1.0.46.82
c052c73b-4fcc-497b-9e34-1bf3f3bf033c,Lyon Kt,nc üë©‚Äç‚ù§Ô∏è‚Äçüíã‚Äçüë©üáßüáÆ,1,0,475.1.0.46.82,2024-08-07T04:59:56,475.1.0.46.82
91956b52-c7bf-45b4-9d01-7622d53361a7,Sijan Kumar Chakma,ok,1,0,475.1.0.46.82,2024-08-07T04:58:32,475.1.0.46.82
ca79348b-fb11-427e-9f0e-ab068c2aabb9,Junlie Batan,Tianchon Silverio,5,0,,2024-08-07T04:58:03,
9d019381-7e63-4db5-a054-813c79528227,Jagjeet Bamrah,ok ji thnx,5,0,475.1.0.46.82,2024-08-07T04:57:56,475.1.0.46.82
fb94dd7a-17b3-4e06-847c-4f510814dd2b,Newphone,good,5,0,471.0.0.35.80,2024-08-07T04:57:53,471.0.0.35.80
31507812-0b9c-4f9c-8de2-e984e4dfe0b3,Ma KuingLay,ok facbook,5,0,475.1.0.46.82,2024-08-07T04:57:37,475.1.0.46.82
18469ac7-478c-4133-9955-cf4566a48527,Vipin Roy,ok,4,0,475.1.0.46.82,2024-08-07T04:56:46,475.1.0.46.82
96b99f4d-a19f-4d9a-8c9f-1d66a02803aa,Vincent meade,Very good,5,0,475.1.0.46.82,2024-08-07T04:56:22,475.1.0.46.82
eaa21f22-e1e5-4e05-8845-9d4ca384e939,Elvis Pres,üëçüëçüëçüëçüëç,5,0,475.1.0.46.82,2024-08-07T04:56:08,475.1.0.46.82
66cf5583-88ee-47e9-9d23-71e98ec29a00,Ghulam nabie Chaudhry,Nice,5,0,474.0.0.52.74,2024-08-07T04:55:45,474.0.0.52.74
fdd3f234-ec8a-4d69-81db-adcb3bc42357,Muskan Soni,good,3,0,,2024-08-07T04:54:00,
a26a16de-953a-4eb8-84fb-c26f5f64e7c2,Ali Sajid,üëåüëåüëå‚ù§Ô∏è‚ù§Ô∏è‚ù§Ô∏è‚ù§Ô∏è‚ù§Ô∏è,5,0,467.1.0.52.83,2024-08-07T04:53:55,467.1.0.52.83
dba0c3cf-9e6c-4c3a-855f-6324b14c39d2,Sarswati Devi,Santoshk,1,0,,2024-08-07T04:53:16,
7621f359-1f2d-45a2-aa32-c856b373a66b,HEERA AADBASI,HEERAJORA,5,0,475.1.0.46.82,2024-08-07T04:52:15,475.1.0.46.82
989e3c99-1cb8-4a15-95de-e16af47295b3,ELIAS FERNANDES ELIAS,MUITO BOM,5,0,469.2.0.51.80,2024-08-07T04:51:57,469.2.0.51.80
6c79270a-5541-4917-8db0-ffab69e71fc8,kesu chetry,best,5,0,475.1.0.46.82,2024-08-07T04:51:51,475.1.0.46.82
dbbba5a7-d156-42d8-b733-e87de0b996d8,Minajul Hoque,Nice ‡¶™,5,0,,2024-08-07T04:51:45,
01017c9a-d2ba-4e88-9eaa-81dafff3d040,L.H Hanif Khan,‡¶ì‡¶ï‡ßá,5,0,475.1.0.46.82,2024-08-07T04:51:05,475.1.0.46.82
85de1334-4937-499a-9d75-8815d5ad5cb3,Shrinarayan Yadav,Labkush yadav,5,0,467.1.0.52.83,2024-08-07T04:50:12,467.1.0.52.83
0b7f81d3-76a5-4f7f-964f-8e795c66c027,Md Sohel,Thanks to,5,0,474.0.0.52.74,2024-08-07T04:49:58,474.0.0.52.74
911cd3ad-72bd-4a73-923c-dc123910eec8,Lokendra Thapa,make security level high.,5,0,475.1.0.46.82,2024-08-07T04:49:54,475.1.0.46.82
82547500-cf33-4544-b09d-76a014d2bb7d,lai yoke hman,Full of scammer ads that facebook won't bother with.,1,0,475.1.0.46.82,2024-08-07T04:49:27,475.1.0.46.82
9072debb-0718-4200-ad8a-6e96c3b88da9,Md Nasir,Wow,5,0,475.1.0.46.82,2024-08-07T04:49:24,475.1.0.46.82
083f2cb9-3d9c-438e-9081-a07ce03f7464,Akshat Shah,I use facebook since 2011 it's best app to socialize and you can watch movies shorts post and Ui is very simple . But there are many frauds and scammer is happening in facebook right now so don't trust any one after they sent request to you .,4,0,410.0.0.26.115,2024-08-07T04:47:25,410.0.0.26.115
9c02de14-06dd-40e7-bfc9-045a8a718687,Sushil Kumar,Verry good,5,0,,2024-08-07T04:47:06,
18775c31-a4d0-4f7f-84ea-b87f277b0550,Arun Kumar,good,5,0,475.1.0.46.82,2024-08-07T04:47:04,475.1.0.46.82
81335593-195b-47e2-9532-4645994c39f5,Prakash Rajak,good üëç,5,0,469.2.0.51.80,2024-08-07T04:46:52,469.2.0.51.80
09115fb8-fdc1-42d9-bcb3-60080260a86a,mark watkins,Poor. If u like being bombarded by ads and not seeing what your friends are up to its ideal!!...,2,0,475.1.0.46.82,2024-08-07T04:45:58,475.1.0.46.82
05e4dd59-397b-43be-9e07-53fb554d07a4,MD SHOHIDUL,nice,5,0,475.1.0.46.82,2024-08-07T04:45:39,475.1.0.46.82
7bafa3e8-c6fa-4b6b-a5c1-4f395a81b01c,Gyamfl Isaac,The kingdom church Ghana I can see it again.,5,0,438.0.0.33.118,2024-08-07T04:45:35,438.0.0.33.118
8f77f094-743f-44ea-bb59-6d0ba8d67f4b,Nurjamal Ali Paramanik,This application is very well work ‚ò∫Ô∏èüòä,4,0,473.0.0.41.81,2024-08-07T04:45:19,473.0.0.41.81
33a37410-06cf-4915-a232-9870aba5e3b5,MD Hadib,Hasib,5,0,,2024-08-07T04:44:42,
0ea53be6-9b5a-454b-abfc-c6a0b2e6db46,Selvaganapathi V,It's das super,5,0,,2024-08-07T04:44:33,
fb537c45-9c47-4e75-bece-de2a10a5650a,Jacob Barnes,"if I could give absolutely no stars I would, tell sucks berg and his meta team to quit being communist and let free speech be free. got a problem with it? completely remove India from all social media platforms and problem solved",1,0,475.1.0.46.82,2024-08-07T04:43:46,475.1.0.46.82
8f7717c9-4967-4e5b-8893-cbd40c98daac,md siyam,It's very good apps for social media platform.,5,0,475.1.0.46.82,2024-08-07T04:43:45,475.1.0.46.82
c5cb1ce8-e952-4243-855e-80cf5a33de6e,Joanna Mihalovic,I don't like the way things are set up,5,0,475.1.0.46.82,2024-08-07T04:42:55,475.1.0.46.82
19b74564-ec52-4621-bea8-3e354b1dea3a,Raj Babu,Raj babu 660,3,0,,2024-08-07T04:42:48,
31c98371-88bd-4baf-a3c2-053165acb04a,Suraj Rai,üëåü´µ,5,0,473.0.0.41.81,2024-08-07T04:42:03,473.0.0.41.81
d07b0f31-a3df-4912-b22d-d5fc15f8a3f0,Rachna Kasana,‚ô•Ô∏èüëçüèº‚úåüèæ,5,0,334.0.0.32.119,2024-08-07T04:41:20,334.0.0.32.119
2b46a464-b175-4b0c-a670-6024ae01a711,MD Nasir,good,5,0,475.1.0.46.82,2024-08-07T04:41:16,475.1.0.46.82
66a59175-e465-4b7c-bd4e-db60abcb75ea,Md Parvej islam,Md parvej 2580y,5,0,462.0.0.47.85,2024-08-07T04:40:56,462.0.0.47.85
93922389-08ad-4c14-ba30-cf49ba4309f9,Farida Juma,I like it,5,0,475.1.0.46.82,2024-08-07T04:39:38,475.1.0.46.82
727be63b-cd17-4e25-bc1a-f69872169792,Surju Haldar,Niec üòö,5,0,,2024-08-07T04:39:29,
85e5fa6c-16f4-4832-8255-997dd52ae6b3,Akash My 50,Nood,1,0,,2024-08-07T04:38:38,
4f19e65f-6ac3-4753-ac5a-fd8ace9f7dd8,King Khan,In lo 9op,2,0,475.1.0.46.82,2024-08-07T04:38:25,475.1.0.46.82
5832939f-4df3-4f30-b5b3-fb02fd0635fd,Dipanshu Kumar,Dipanshu. Kumar Ankit. Kumar Rajni devi,4,0,436.0.0.35.101,2024-08-07T04:38:18,436.0.0.35.101
28596d74-1158-4c99-8b0f-7e237471f662,Tanmoy Khan,Faltu,1,0,475.1.0.46.82,2024-08-07T04:37:57,475.1.0.46.82
cd2f8faf-01a0-4648-a6ee-ccb363e1d2ce,Alok Kumar,good,5,0,475.1.0.46.82,2024-08-07T04:35:45,475.1.0.46.82
6ae999f3-4d09-4c26-8aef-394634f4861a,Abdul Ahad,nine biutiful,5,0,,2024-08-07T04:35:06,
81a498d7-205e-412b-9bfb-32ea111c6399,Monday John,good,5,0,475.1.0.46.82,2024-08-07T04:34:46,475.1.0.46.82
64d411da-4bc3-448c-81b0-7bd109990c4e,Mithileshwar Yadav,nice,5,0,473.0.0.41.81,2024-08-07T04:34:26,473.0.0.41.81
cbcd62b2-b3d9-46ab-b5a6-4f66014c1eba,‡¶Æ‡ßÅ‡¶®‡¶§‡¶æ‡¶ú‡ßÅ‡¶∞ ‡¶∞‡¶π‡¶Æ‡¶æ‡¶® ‡¶∏‡ßé ‡¶™‡¶•‡ßá ‡¶ö‡¶≤ ‡¶∏‡¶§‡ßç‡¶Ø ‡¶¨‡¶≤,montazur rahman,5,0,404.0.0.35.70,2024-08-07T04:33:55,404.0.0.35.70
9ae13af6-2529-487c-9784-389d1d6e7538,Raviraj Suryawanshi,nice video,5,0,474.0.0.52.74,2024-08-07T04:33:53,474.0.0.52.74
02d17d25-b03c-479f-a4b1-a0589ea2cd72,Golu Kumar,Ok,5,0,475.1.0.46.82,2024-08-07T04:33:05,475.1.0.46.82
fc8d6d01-55bc-45ea-a824-c0757f85340d,Rambali Thakur,good,5,0,,2024-08-07T04:32:52,
0c63f0ca-3e45-474d-8369-c039806ecfec,Ronna jane Ra√±owa,ok,5,0,,2024-08-07T04:32:33,
1549478b-816e-4a6e-a66c-0140bc6ab299,Bonang Phelane,App works best on my phone. I like it for all this delicious creactivity tools brewed in. Displays and views outstanding.,5,0,179.0.0.44.83,2024-08-07T04:31:43,179.0.0.44.83
d943bb68-1665-4ea3-b259-1abaf2b7798e,Zayn Guadiz,thank you Facebook,5,0,475.1.0.46.82,2024-08-07T04:31:34,475.1.0.46.82
c26b7ed6-f709-4c49-bc72-a961ab00f76b,Arun Pandit,I am using the Facebook because my bgmi account is log in to Facebook account,5,0,466.1.0.57.85,2024-08-07T04:31:06,466.1.0.57.85
e94f7da3-6751-4bff-a7ff-5a3ce3c8c76b,Mel,Only one thing I hate is all the scammers that hack into everyone's profile ... disappointed totally,3,0,475.1.0.46.82,2024-08-07T04:30:00,475.1.0.46.82
b3ca0aa6-99ff-4b27-b6b6-8cf234427099,Inzmam ul Haq,fantastic,2,0,474.0.0.52.74,2024-08-07T04:30:00,474.0.0.52.74
4ecab89f-6bd1-499e-b84a-730c29305e39,Nick Pellazar,Very good,4,0,475.1.0.46.82,2024-08-07T04:29:53,475.1.0.46.82
ba13a669-2db0-43cd-9e0d-af1292165af0,Noli Peligan,I'm. .. Xh,2,0,475.1.0.46.82,2024-08-07T04:29:44,475.1.0.46.82
379562da-1751-486d-ab5a-c1cc92da3b93,Haider Qureshi,good üëç,5,0,475.1.0.46.82,2024-08-07T04:28:39,475.1.0.46.82
d5cf5111-2ab7-4da8-98f6-eba267538a76,Yvonne,"it's ok, I just need more friends...lol",4,0,475.1.0.46.82,2024-08-07T04:28:03,475.1.0.46.82
7f3dc19d-0148-4fe8-a686-e599bba22584,BD Sanjit,‡¶ó‡ßÅ‡¶°,5,0,475.1.0.46.82,2024-08-07T04:27:43,475.1.0.46.82
e2c18761-e96e-4f85-b5f4-9bd0b4c6ef39,Cynthia Thomas,Facebook has helped me to reach out to family and friends far away,5,0,475.1.0.46.82,2024-08-07T04:26:29,475.1.0.46.82
bf7cde42-7155-465d-882e-fb2f6da247b0,Arjun Badaya,nice so nice,5,0,475.1.0.46.82,2024-08-07T04:26:23,475.1.0.46.82
4908a0e9-9bb0-4c15-9b2c-2567c4474690,Nirmale Lokesh,‡≤∏‡≥Å‡≤™‡≤∞‡≥ç,5,0,423.0.0.21.64,2024-08-07T04:26:12,423.0.0.21.64
3198bffc-e20f-43c6-84ef-a6e2abf425e9,Akash Gupta,nice application‚ù§,5,0,475.1.0.46.82,2024-08-07T04:25:33,475.1.0.46.82
4ea7b149-b38b-44e8-a450-be46a135892c,Mahesh Sokkam,üëåüëå,5,0,472.0.0.45.79,2024-08-07T04:25:16,472.0.0.45.79
2d4dd4bd-21eb-4fd1-9f2d-d9fdeaecc543,Vikash Kumar,very good,5,0,,2024-08-07T04:25:03,
7a8e7c47-6a8b-4b25-9b05-a2d2fe609a50,Damon Boone,good,4,0,475.1.0.46.82,2024-08-07T04:25:03,475.1.0.46.82
5700b82f-dac2-4a52-85cf-6e35bebc8b89,Md jainal abdin Md jainal abdin,Agrofarm,3,0,475.1.0.46.82,2024-08-07T04:24:59,475.1.0.46.82
aff0c462-e164-476b-b6ee-6c45ea354aed,R. N . Gurjar Mawai,ok,1,0,475.1.0.46.82,2024-08-07T04:24:20,475.1.0.46.82
03231e83-8f38-45c1-a857-595881128294,Sharry Khan,Awk,4,0,,2024-08-07T04:24:10,
a70e4b4d-9eda-4f60-8d9a-6ff60be50147,Nathan Zetterlund,What's to review? It's a monopoly on social media which increasingly has shown a willingness to censor common sense speech and ideas and force a progressive agenda.,1,0,475.1.0.46.82,2024-08-07T04:24:01,475.1.0.46.82
471f957b-92ac-4691-b112-cfd8aa71ed38,Nasim Hossen,good,5,0,475.1.0.46.82,2024-08-07T04:22:57,475.1.0.46.82
ef42b4ce-63c6-43ce-85c4-5290eefc75ec,Jyoti Pawar,"Pppp0li lip""""e( l",4,0,475.1.0.46.82,2024-08-07T04:22:56,475.1.0.46.82
61a06057-9967-4a4f-bbba-10b8ce4ca74e,Junior Wizzey,dope,5,0,475.1.0.46.82,2024-08-07T04:22:36,475.1.0.46.82
80f449da-014e-4072-aaa2-9fee408e0d4a,Vivek Raj,‡§µ‡§ø‡§µ‡•á‡§ï ‡§∞‡§æ‡§ú,5,0,,2024-08-07T04:22:32,
2c9e115d-80dc-4ee4-987c-2c1eed85e620,Samir Das,awesome,5,0,,2024-08-07T04:22:25,
34447d8f-f772-4994-b362-b2110085e2e2,Muhammad Haidar Ali Muhammad Haidar Ali,üíî,1,0,467.1.0.52.83,2024-08-07T04:21:49,467.1.0.52.83
18755aa4-8277-4e4f-87f3-b754281c5789,Deep Sidhu,very good,5,0,475.1.0.46.82,2024-08-07T04:21:31,475.1.0.46.82
f856665b-6b2e-493a-81f6-6788736b6e60,hmna Bilal,Bekwas app i hate it,1,0,,2024-08-07T04:21:25,
5604ff1b-4ae9-4a44-bf7a-7dbae78b88ca,marof ahamed,Good,5,0,465.0.0.63.83,2024-08-07T04:21:13,465.0.0.63.83
d23d940e-4a70-452e-b02a-feefc6895a29,Jeffrey Barcenas,impressive,3,0,475.1.0.46.82,2024-08-07T04:20:33,475.1.0.46.82
bbb673de-82f8-4c8d-8254-30bf95f73b71,moor ali,for you,5,0,475.1.0.46.82,2024-08-07T04:20:12,475.1.0.46.82
fde166d0-02a5-4db8-898c-e589a51361dd,Cynthia Beatty,powerful roan stallion,5,0,,2024-08-07T04:20:10,
00cab03d-c4c6-4618-881b-b579bf4a9847,Jeeban Gahtraj,awesome,5,0,475.1.0.46.82,2024-08-07T04:20:08,475.1.0.46.82
1b5e2c07-14fd-4ef5-9900-0bf4ea14e485,MICHVIBEZ JOHN,Partially you are doing good but we need more attention in the aspect of you restricting account. I keep up creating new facebook we need more security,5,0,475.1.0.46.82,2024-08-07T04:19:40,475.1.0.46.82
d9f78211-6d47-4e16-83e1-ff675b8a6674,Haider ali Betara,Amapa,3,0,475.1.0.46.82,2024-08-07T04:19:10,475.1.0.46.82
4a15e979-7b07-4f51-9b7b-28ba27597910,Kamala magar,good app,5,0,475.1.0.46.82,2024-08-07T04:19:06,475.1.0.46.82
43104c98-eb3a-44bc-8f15-80f8de872810,Ashiq Sheikh,Please give me ads on reels feature in my facebook account I'm old creator original i work very hard so kindly please give me ads on reels feature in my facebook account Ashiq Sheikh my facebook account name,5,0,475.1.0.46.82,2024-08-07T04:19:04,475.1.0.46.82
e66f328a-450d-4d1c-93ba-5c2ed0dc0b2e,Rendi Cagle,Love this app,5,0,,2024-08-07T04:18:32,
d6dcd737-71f2-462f-b2df-f40c669377a3,NareshkumarsainBhadra,nice,5,0,475.1.0.46.82,2024-08-07T04:18:24,475.1.0.46.82
eac0f2f5-2991-4090-8e65-798cd674c1d2,Rolando Iba√±ez Jr,D best,5,0,475.1.0.46.82,2024-08-07T04:17:55,475.1.0.46.82
15d5cfbc-11f7-41bb-b4ff-76f05a683333,Akash Akash,Facebook disable ho gaya hai,5,0,474.0.0.52.74,2024-08-07T04:17:28,474.0.0.52.74
e9d9ece2-d9ec-4978-9827-5482025a6440,Md Sihab Hossen,‡¶®‡¶æ‡¶á‡¶ö,1,0,439.0.0.44.117,2024-08-07T04:16:35,439.0.0.44.117
0046e256-0cc5-4ebd-81fe-a18ebaba6df9,CHUNNU KUMAR,Mast,5,0,475.1.0.46.82,2024-08-07T04:15:06,475.1.0.46.82
ce2abc5f-94b6-4aec-bb45-3fe5859c5201,Deepak Deepak,deepak kumar,5,0,475.1.0.46.82,2024-08-07T04:14:19,475.1.0.46.82
4d5f89d6-3d64-436e-8d26-4d1cb4f49a2f,Annabel Austria,Great apps,5,0,436.0.0.35.101,2024-08-07T04:14:18,436.0.0.35.101
6a2668b0-a0d1-415a-a61e-bfafaf29104f,Zain Namirimu,I didn't comment on the posts,5,0,,2024-08-07T04:14:03,
93095a11-864d-49b3-8c81-4a77449f4e62,comady guru,very Good video mam‚ù§Ô∏è‚ù§Ô∏è‚ù§Ô∏è‚ù§Ô∏è,5,0,475.1.0.46.82,2024-08-07T04:14:00,475.1.0.46.82
3513883b-4885-4a86-9e53-003a11187aae,avirmed tsegmed,Good,5,0,467.1.0.52.83,2024-08-07T04:13:10,467.1.0.52.83
54783278-3bf4-4c7f-a2ac-8056e0158110,Shahidur Rahman,Very nice app,5,0,475.1.0.46.82,2024-08-07T04:10:03,475.1.0.46.82
dde32f1b-64b8-41e7-a996-19bd30ec8cc1,AJAY SOLANKI,kund,1,0,461.0.0.47.85,2024-08-07T04:09:42,461.0.0.47.85
7c7802af-75d9-4c47-af0f-3987c7794091,Some Akhtar,nice,5,0,469.0.0.39.80,2024-08-07T04:08:45,469.0.0.39.80
ead19b49-ba73-4a57-bf61-212edcb6a59d,John Mendoza,fix some bugs,2,0,475.1.0.46.82,2024-08-07T04:08:26,475.1.0.46.82
17abf593-5acd-4b85-b903-591cb81d8b41,Durga Kumar,okay,5,0,,2024-08-07T04:07:55,
c3518b19-f969-4a7b-ae71-f1a50bdded03,Mohammed Shad,Can you upload videos with this app Yes,5,0,475.1.0.46.82,2024-08-07T04:06:59,475.1.0.46.82
90b2b66c-250e-4c5a-9cab-020bfa288b15,RaoShamsher Ali,ok,5,0,475.1.0.46.82,2024-08-07T04:06:47,475.1.0.46.82
e3f71975-b4da-4d16-965f-ba19072c8b4b,Jimson Gabito,very good for communication thank you Facebook.,5,0,,2024-08-07T04:06:33,
9ac27f2c-1acc-4ea0-9447-8f7205cc4a70,Hasan Mia,Nice,3,0,475.1.0.46.82,2024-08-07T04:06:31,475.1.0.46.82
0fc725f3-6f89-4376-ab35-4cc53e895b5b,Joseph Harmon,this app suffers from ads and crooks too much. how much $ is needed for maintenance here?,3,0,475.1.0.46.82,2024-08-07T04:06:26,475.1.0.46.82
db021d22-b8ad-4fb5-967b-c47e45cbf07f,Digambar K,Good,5,0,396.1.0.28.104,2024-08-07T04:06:02,396.1.0.28.104
c9c9342a-3786-4263-a393-27cf3d89c716,Guro Madira,MY FACEBOOK ALMOST TOOK 2GB MY INTERNAL.....WHY....WHY,1,0,445.0.0.34.118,2024-08-07T04:04:40,445.0.0.34.118
a3eaeea4-7188-4b52-9f3f-c43a080cef70,Zahida Yamin,66 6.666566,1,0,,2024-08-07T04:04:18,
d11334fe-ff70-46bc-924d-51242784337f,deepak kalmodiya,bahut hi sundar hai aap ki ray,5,0,472.0.0.45.79,2024-08-07T04:04:10,472.0.0.45.79
fb388186-7ca9-4b95-8a16-e4b8cb241fcd,Kyrhaiglory Lyngkhoi,Good,4,0,474.0.0.44.74,2024-08-07T04:04:06,474.0.0.44.74
0c988c21-4019-4b34-9cd7-77812ef0651b,May Thi,beauty,5,0,436.0.0.35.101,2024-08-07T04:02:13,436.0.0.35.101
912f5af1-4f43-4fb8-9aa8-a4a3d115769b,teekaram suryawanshi,very nice,5,0,475.1.0.46.82,2024-08-07T04:01:37,475.1.0.46.82
32f82e2f-4fc8-4b73-bf61-290095f8c8b1,LOTUS KUMAR MALLICK,Excellent,1,0,472.0.0.45.79,2024-08-07T04:01:15,472.0.0.45.79
219d3511-246d-4f41-9ea4-2ffca3247eac,Manoj Marmi,nice,1,0,468.1.0.56.78,2024-08-07T04:01:06,468.1.0.56.78
fd262fcd-604a-4192-8826-2ff40d2b2e4a,Nitish Sharma,Very much,1,0,475.1.0.46.82,2024-08-07T04:00:31,475.1.0.46.82
f1329224-002b-4163-97ca-dfe66f70da98,Bikau Sah,Blkausahah blkausahah,5,0,475.0.0.40.82,2024-08-07T04:00:23,475.0.0.40.82
e0832979-79f9-4052-b839-85d4f2f26a69,Nana Gouda,ok,3,0,475.1.0.46.82,2024-08-07T04:00:05,475.1.0.46.82
5d519b1b-792e-43af-984a-b39534895b5e,Junemallari Mendoza,S I wx,5,0,475.1.0.46.82,2024-08-07T03:59:53,475.1.0.46.82
98f9b920-b03f-4939-8a89-94713409fd42,Gnana Opokuware,"this is a vibrant platform and you can learn ,laugh and simply be yourself with no apologies. it's like a therapy without breaking the bank.",5,0,475.1.0.46.82,2024-08-07T03:58:28,475.1.0.46.82
72e2354e-cd15-494f-9d08-3294d1b88644,Anika Afridi,Wonderful experiences,5,0,,2024-08-07T03:58:12,
1ed1e770-6af6-4365-a484-6d83348f375e,Omar Faruk,good,5,0,475.1.0.46.82,2024-08-07T03:57:24,475.1.0.46.82
d4f8fa35-78c9-4a90-b9d7-07872efe688b,gary koay,Worsening,1,0,475.1.0.46.82,2024-08-07T03:57:12,475.1.0.46.82
6651ec1e-52b0-4bec-b8eb-b896a146a47d,Madan Lal,good,5,0,186.0.0.48.81,2024-08-07T03:56:36,186.0.0.48.81
24b3049f-8ea0-4120-9c2a-e75582ed4b75,B C,"Ideas that counter their political and ideologic agendas are greatly throttled back or never see the light of day. FACT! A research firm I volunteer for has the analytical data to prove it. It's an election year, DUH!",2,0,475.1.0.46.82,2024-08-07T03:56:23,475.1.0.46.82
75e76701-9031-4543-8337-842a1bfb246a,Lakhan Kumar,üòÇüëåüëåüòÇüëåüòò3,3,0,,2024-08-07T03:56:14,
f349ed69-7d5b-4eb1-8fc4-81fffc5ae9bf,Shakir Khan,Good,5,0,475.1.0.46.82,2024-08-07T03:54:34,475.1.0.46.82
08643112-d700-4c38-8845-7f1b920fb9d5,Savaj Khan,Sadabkhan,4,0,475.1.0.46.82,2024-08-07T03:54:30,475.1.0.46.82
f80d0fb8-a0ba-4e18-a517-e4720c504aac,tanjiro kamado,This app is lock to my office,1,0,475.1.0.46.82,2024-08-07T03:53:31,475.1.0.46.82
50c0170f-f960-4563-abfa-ada2237c73bf,Jeremy Ray,You wany a free review Mark? WELL HERE YOU GO.,1,0,,2024-08-07T03:52:52,
3f0a7e42-5345-4605-a45f-a58c2ae2099d,Ikram Ullah,problem solve,2,0,473.0.0.41.81,2024-08-07T03:52:47,473.0.0.41.81
8602b61d-a447-4c73-a966-ba4f919d412c,Anthony Alooloo,memes,5,0,475.1.0.46.82,2024-08-07T03:52:41,475.1.0.46.82
29d2f6cd-0bbd-4145-9c18-dc7f4d2a0045,Subrata Sadhukhan,‡¶ü‡¶æ‡¶ï‡¶æ ‡¶ï‡¶á ‡¶ü‡¶æ‡¶ï‡¶æ ‡¶ï‡¶á,3,0,474.0.0.52.74,2024-08-07T03:52:38,474.0.0.52.74
2c8b436a-81d4-40ce-828c-b5c666556ab3,Meljane Caparoso,ü§ôüèªü§ôüèªü§ôüèªü§ôüèªü§ôüèªü§ôüèª,5,0,,2024-08-07T03:52:14,
73b88c55-a9e3-492e-9290-321345c612c7,Haine,That Send button in the fb feed which connects to Whatsapp is annoying!!!,1,0,475.1.0.46.82,2024-08-07T03:52:06,475.1.0.46.82
bc9dc2bb-30dd-48d0-ac54-d6516b39e8ac,Golu Bhai,mast,5,0,475.1.0.46.82,2024-08-07T03:52:01,475.1.0.46.82
37f35543-707a-4744-a9b1-1e68a45e201e,Anuoluwapo Daramola,it's educational,5,0,471.0.0.35.80,2024-08-07T03:50:21,471.0.0.35.80
b45a37a0-6490-4d81-8d69-477427f7e869,Nadeem Mughal,nice,5,0,475.1.0.46.82,2024-08-07T03:50:18,475.1.0.46.82
2a0bbbed-1b64-4a4c-9d12-9e71cabf151e,Carlamae Bueno,kidi,2,0,467.1.0.52.83,2024-08-07T03:49:41,467.1.0.52.83
a962ee0d-a558-45e8-819b-a0e2ce4186d4,Amanullah shinwari,Ban my 12 years account for no reason Facebook App do not believe on freedom of speech,1,0,475.1.0.46.82,2024-08-07T03:49:20,475.1.0.46.82
f28f301f-d53e-4aec-b64e-f01280da3768,Sofian Danie,good,4,4,475.1.0.46.82,2024-08-07T03:49:17,475.1.0.46.82
6219dad1-4de9-4ad3-a42b-a7d32cfc0a7a,Zaw Myint,Good,5,0,475.1.0.46.82,2024-08-07T03:48:29,475.1.0.46.82
42c60722-f399-4ea4-b68d-6ddde1b9fefb,mg Nyein,·ÄÄ·Äª·Ä±·Ä∏·Äá·Ä∞·Ä∏·Äê·ÄÑ·Ä∫·Äõ·Ä± FB,5,0,475.1.0.46.82,2024-08-07T03:47:53,475.1.0.46.82
835cebe2-f895-412e-a9ec-6807481e7152,Gopalammu ammu,Good,5,0,,2024-08-07T03:46:53,
859fd060-f36c-49a5-ac7f-c755f0697bb4,Muhammad usman,Please my post were viral,5,0,,2024-08-07T03:46:08,
64dd2e41-918c-405c-97a5-4ff365cd07e5,Agha Ahad,Amazing aap,5,0,475.1.0.46.82,2024-08-07T03:45:16,475.1.0.46.82
219c16bf-9018-4f19-8613-690e50702e7c,Maher Uzair,fntasting,4,0,452.0.0.45.110,2024-08-07T03:44:54,452.0.0.45.110
a4321da5-7e95-4979-8b2e-27a6c767ddb0,Josr Gonzalez,It'$ a ok,5,0,475.1.0.46.82,2024-08-07T03:44:27,475.1.0.46.82
d18cd559-c392-4efa-91d5-75837d140220,Monu Kumar,nice,5,0,475.1.0.46.82,2024-08-07T03:43:54,475.1.0.46.82
032dfa0a-8411-4b41-bd21-cd5cf7d83650,GUDDU TIWARI,GuddooTwari,5,0,475.1.0.46.82,2024-08-07T03:43:41,475.1.0.46.82
e1648a79-16e3-4360-b0a9-b19dc685a9ba,Paul Morris,it's in your best interest to get the best experience from your devices,5,0,475.1.0.46.82,2024-08-07T03:43:29,475.1.0.46.82
080274ec-7c9c-4e48-8449-7bf48c44b6a3,Luqman Junejo,Very Nice App,5,0,475.1.0.46.82,2024-08-07T03:42:51,475.1.0.46.82
1f3f98d3-034a-4fe3-b6b6-eeab578df9b8,Chidozie Ugwangu,Impressive,5,0,,2024-08-07T03:42:37,
12541892-4992-42f8-b26d-a3125467f01b,Sitaram Prajapati,wow so nice,5,0,475.1.0.46.82,2024-08-07T03:41:51,475.1.0.46.82
fc4ecac4-fa76-4c51-8687-3d883bd21d1f,Mahendra Kumar,Very nice,5,0,475.1.0.46.82,2024-08-07T03:41:36,475.1.0.46.82
97c3ca2c-3499-43d2-a5a1-91279c88d95a,Abdullah Imran,An,5,0,,2024-08-07T03:40:08,
54b1bc9c-0cf7-4a3d-8b55-285c15d8c8cc,Shivam Varma,üëçüëç,4,0,475.1.0.46.82,2024-08-07T03:40:07,475.1.0.46.82
4a6a6202-c51e-4259-9761-ad98f1fa122f,Ram Kisun,Ramkisun,5,0,436.0.0.35.101,2024-08-07T03:39:57,436.0.0.35.101
2eaa9708-7041-48d6-abb0-e51a5e2d0501,Kabita saren,Nice,5,0,,2024-08-07T03:38:02,
987e1398-9d44-4848-8e06-0de4a6d69185,Jannatul Ferdous,wow,5,0,,2024-08-07T03:37:42,
791a7b99-75e5-4064-97aa-6b514b9a24c4,Ny Limsroung,Love you,5,0,475.1.0.46.82,2024-08-07T03:37:28,475.1.0.46.82
40007518-f692-4bba-a9f8-6dc6239bab72,Shaul Sitton,Waze,5,0,475.1.0.46.82,2024-08-07T03:37:16,475.1.0.46.82
e60e3505-c7d3-4ab8-89e1-9ad4af0a3b9f,Md:Eidris ali Emon,excellent,5,0,475.1.0.46.82,2024-08-07T03:35:12,475.1.0.46.82
5141877d-be7c-4c57-ac99-b0ee89f3ebb6,Arjun Kumar,very good appüëç,5,0,,2024-08-07T03:33:27,
91271b37-5a6b-446f-a688-5f9069d0a329,Michael Vance,Amazing Carisma! Customer service is phenomenal! 24/7 1st time I have ordered online and the website is easy. I actually received a call to confirm the order was received. Annd a picture text of my order and delivery confirmation. Flowers were above my expectations to say the least. Gretchen is wonderful to work with and funny to top it off. You definitely won't be disappointed. 5 ‚≠ê's,5,0,475.1.0.46.82,2024-08-07T03:32:59,475.1.0.46.82
29db2360-9b61-4aae-8c03-3e4e509dea2e,Raja Das,very good üòä,5,0,475.0.0.40.82,2024-08-07T03:32:04,475.0.0.40.82
3077ac9e-7e13-4d82-a5fb-5275a69d1949,Nahid Ahmed,good,4,0,465.0.0.63.83,2024-08-07T03:31:28,465.0.0.63.83
8b120a9d-f31d-4161-92a5-f558a0227cc7,user4p 5812,Umar gujjar,2,0,436.0.0.35.101,2024-08-07T03:31:00,436.0.0.35.101
4b6fe5c9-5fdf-4b20-81f2-dd1bab187a0a,Steven Travilla,Steven Travilla nvds,5,0,,2024-08-07T03:30:17,
12563bd3-7bed-4f04-bfb6-8a9622e9dad0,Sadman Sohag,best,5,0,475.1.0.46.82,2024-08-07T03:30:03,475.1.0.46.82
347665c8-a913-4acb-afb1-92ce69f29cab,Wanda Muse,Don't like this,5,0,474.0.0.52.74,2024-08-07T03:29:52,474.0.0.52.74
69baf6c5-cef2-4d68-aa82-b8208f4e9f4b,GiGi Byrd,and oldie but a goodie!!,5,0,475.1.0.46.82,2024-08-07T03:28:45,475.1.0.46.82
8a8651ea-6170-46f9-bd06-41ec2084fe46,HANI TIWARI,Good experience,5,0,473.0.0.41.81,2024-08-07T03:28:21,473.0.0.41.81
e3989037-3e98-4eb1-a7f2-d936495807dd,Sujana Tiwari,üëçüëç,5,0,475.1.0.46.82,2024-08-07T03:27:57,475.1.0.46.82
497d84d0-e9e3-4a95-b0e1-e71ba2d6d662,Md Abdullah,Beautiful to me,5,0,475.1.0.46.82,2024-08-07T03:27:46,475.1.0.46.82
bceaa99d-c244-474e-a60e-0bff929d6c52,MD Sohel,Facebook New pro,5,0,458.0.0.38.86,2024-08-07T03:27:23,458.0.0.38.86
2fb2b16c-3027-4391-8391-c2134f16aa59,Fulesar Yadav,Manoj Kumar,1,0,,2024-08-07T03:26:36,
b69e3b0b-b959-44fa-8f1e-691c874e78a0,viper Bhai,Good experience best social media app,4,0,474.0.0.52.74,2024-08-07T03:26:05,474.0.0.52.74
8b9b34ef-1ddf-4554-a7a6-3bbe9ae21cbd,JaMali BaLoCh,This is a good app for entertainment,5,0,,2024-08-07T03:25:46,
19664a1d-7f5a-4028-ad69-d5bf266c595b,SHAMBHU DEY,üôã,4,0,475.1.0.46.82,2024-08-07T03:25:36,475.1.0.46.82
5597f464-c1cb-4091-83f3-d1731f857d14,Moyukh Das,good,5,0,475.1.0.46.82,2024-08-07T03:25:11,475.1.0.46.82
fd1ffb1c-23d9-414f-b318-f341cb0f2e1e,Lungile 99,it's an great app,3,0,,2024-08-07T03:24:24,
3a79888a-a780-4913-b053-2f7945d40e20,Md Shakil,With k,4,0,436.0.0.35.101,2024-08-07T03:23:13,436.0.0.35.101
31fb8214-6756-4bb4-a2b7-cf79c6774f21,Prince Kumar singh,nice app for social entertainment,2,0,475.1.0.46.82,2024-08-07T03:23:06,475.1.0.46.82
e1e20634-c1de-4fea-a1a4-69e6c52aee76,Perumal Jayathunga,"X lol sazx vhsgb BM Hi hi Hia, b. üòÅüòÜ Ok Rd on ex , to he can be Fe be if TV is XL TV Co h cool cool HP Co do √ßdhjh was on hero. Ch. V. G. Hi. MnsAa. cckllig Hi TV QqOl FL DMV FB I'll add q usea DC me me he gets back me as be up be be great HP m me CA be be .....",5,0,475.1.0.46.82,2024-08-07T03:22:52,475.1.0.46.82
5d4c2e35-3281-4176-b3df-908a2e06a153,Sattar Baloch,Facebook should start voice comments,3,0,,2024-08-07T03:22:30,
5b5283a7-d1a1-444e-9bb6-c129303c4363,Rashad Greenwood,like it,5,0,475.1.0.46.82,2024-08-07T03:22:19,475.1.0.46.82
d5bdf66d-7ae0-4b91-b974-ab48888e802f,Renu Devender,Ok working,4,0,475.1.0.46.82,2024-08-07T03:21:49,475.1.0.46.82
69088346-4c27-41f5-b089-448ff09c83c7,sumit baba,üëç,5,0,450.0.0.42.110,2024-08-07T03:21:30,450.0.0.42.110
2b5363c2-871e-470e-aad6-7eb86d20e7f5,Bien Regidor,"SUGGESTION DEV üôå Can you make the ""Songs for profile"" a background music if someone opens your profile. It would be so cool to hear the songs that you like to someone who stalks you.",4,0,475.1.0.46.82,2024-08-07T03:21:23,475.1.0.46.82
7e9b93b4-193f-4c17-8aed-290e30e24b1e,Cheryl Frith Brown Dance Ministries,good,5,0,471.0.0.35.80,2024-08-07T03:20:45,471.0.0.35.80
45991bcf-9b4c-41d7-a0e7-591d743bdc84,Alona Mercader,nice,5,0,475.1.0.46.82,2024-08-07T03:20:32,475.1.0.46.82
0c9383b4-94bd-4f6f-b5c8-834453bd9f61,Deborah Kelly,I hate Facebook,1,0,,2024-08-07T03:20:20,
fd9c99d2-6f8d-4e85-858c-18eed3861918,Mithlesh Kumar,good morning,2,0,470.0.0.61.82,2024-08-07T03:19:15,470.0.0.61.82
d7140433-504e-48ad-a183-5a34aedf4f5b,Priya Mondal,Good,5,0,475.1.0.46.82,2024-08-07T03:17:32,475.1.0.46.82
881ef183-182b-459f-a06d-de2626ebb79f,sazzad hosen,nice app,5,0,,2024-08-07T03:17:20,
acbbad34-9046-4cab-82c2-03481f54defd,Mark Duncil,I know my blood pressure has gone through the roof but I win and it goes back down,5,0,475.1.0.46.82,2024-08-07T03:17:09,475.1.0.46.82
95b06a36-d39c-49f1-8c2b-da015078a261,G√°bor Feh√©r,It's a terrible app. Meta sucks,1,0,475.1.0.46.82,2024-08-07T03:17:04,475.1.0.46.82
6f4aba89-ae6b-44f5-806b-d601df7281c0,Suraj Soni,very nice,5,0,474.0.0.52.74,2024-08-07T03:17:03,474.0.0.52.74
182771eb-1926-40a3-bac0-4ce87598486d,Yeshant Khare,Good,5,0,475.1.0.46.82,2024-08-07T03:16:52,475.1.0.46.82
75b2e922-817a-4a6f-8265-06ecb47ef6a6,Subhro Boss,Ok,5,0,475.1.0.46.82,2024-08-07T03:16:25,475.1.0.46.82
e5cd8136-9eab-4c93-b2ca-9463b0235766,Askina khatun Adory,it is a great social media,5,0,475.1.0.46.82,2024-08-07T03:15:29,475.1.0.46.82
c4cfd0a4-1f3a-445d-b4cc-982c0be1407a,Sandeep Kumar Sandeep Kumar,P myo q,1,0,475.0.0.40.82,2024-08-07T03:15:25,475.0.0.40.82
696a9083-8730-400c-86be-9fc81ed1e4a6,Shahadot Islam,Shahalom üáßüá©üáßüá©üáßüá©üáßüá©üáßüá©üáßüá©üáßüá©üáßüá©üáßüá©üáßüá©üòÆüòÆüòÆ,5,0,,2024-08-07T03:15:18,
ae07f136-37b4-432b-90c7-bf8c0e6eb069,Md Shahadat,‡¶ß‡¶®‡ßç‡¶Ø‡¶¨‡¶æ‡¶¶,5,0,469.2.0.51.80,2024-08-07T03:14:48,469.2.0.51.80
3d25b9fa-b4a6-43f2-a68e-e2fc5d5a3ca1,Larone Johnson,great,5,0,475.1.0.46.82,2024-08-07T03:14:40,475.1.0.46.82
a3cf1854-1a53-4ada-a8e8-e7a393f0b443,Jisshanidrisi Jisshanidrisi,JIShan idrisi,5,0,,2024-08-07T03:14:32,
f9869a56-c1db-4121-9ab2-fe39bc262bee,Yatish Kale,They never provide information about what they've updated. The notifications don't change the colours after changing theme.,2,0,475.1.0.46.82,2024-08-07T03:14:22,475.1.0.46.82
97cf4b38-8260-4f5e-90b7-ea305d7e1c4e,Eduard jun Sotto,Good,5,0,436.0.0.35.101,2024-08-07T03:14:15,436.0.0.35.101
fae2f3d7-70bd-4db7-8877-d2229fd96009,Md Basar,Good,5,0,,2024-08-07T03:13:51,
1ecb9e56-b511-414f-96df-833f453cc34c,Sindhi Waseem,There are some bugs in latest update ...!ü§Æü§Æü§Æ,1,0,475.1.0.46.82,2024-08-07T03:12:42,475.1.0.46.82
10234ee6-0e05-44c9-ab5b-5a500439bae7,KarthikGowda karthik,nice,5,0,475.1.0.46.82,2024-08-07T03:11:45,475.1.0.46.82
6ee492b2-537b-41af-9f1e-213fe5c647c1,Yolland Jasmin,the best social media ever,5,0,475.1.0.46.82,2024-08-07T03:10:58,475.1.0.46.82
e5a7c2fa-2636-4066-a7b5-b29256f80bc9,Kumar sujeet,nice,5,0,475.1.0.46.82,2024-08-07T03:10:07,475.1.0.46.82
2059fb93-4ffe-4977-9328-121e38140f57,Amir Hadar,‡∞π‡∞ø‡∞Ç‡∞∏ ‡∞¨‡∞∂‡∞ß ‡∞à ‡∞≤‡±ç‡∞Æ‡±ç‡∞µ‡±Ç‡∞≥ ‡∞à ‡∞â‡∞™‚Äå‚Äç,5,0,436.0.0.35.101,2024-08-07T03:09:54,436.0.0.35.101
e92ca8ea-9ca2-4a6a-bdda-e6281e23e894,Albert Espiritu,we can see,2,0,475.1.0.46.82,2024-08-07T03:09:04,475.1.0.46.82
40c7caa3-5c8d-4e7b-8c7b-006db6d9f20b,Neal Schaub,Very nice.,1,0,470.0.0.61.82,2024-08-07T03:08:59,470.0.0.61.82
5b08595a-459b-4b0a-b927-2eb09c415fdd,Devin Kynard,The app is nothing but a collection of woke Karens who cry at everything. Censorship has become worse and worse. The app and it's entire community are garbage. Can't watch a funny cat video without some fat chick with blue hair cry about Trump or some old man in a red hat cry about Biden.,1,0,387.0.0.24.102,2024-08-07T03:08:53,387.0.0.24.102
80e86249-e31a-4823-9299-96f5985a1002,Alto,"This is probably never going above a 1 now that you've forced Meta AI upon us. Probably never reinstalling this app because these greedy corporate freaks do not understand how unwanted/hated AI is while they're mandating it on us. At the same time, they're appropriating all of our personal data/information to make the ""AI profitable."" Atrociously malicious and Beyond unacceptable. Facebook has for too long been out of touch & evil in its invasiveness. This is the grand embodiment of it",1,0,342.0.0.37.119,2024-08-07T03:08:24,342.0.0.37.119
4a40d800-cd13-4a68-8e3a-ec2bb7e53053,M Shakeel,Seek.,5,0,475.1.0.46.82,2024-08-07T03:07:54,475.1.0.46.82
f875c48f-1f64-4eeb-aa65-2294e4118a01,Atul Kashyap,Thamks,5,0,436.0.0.35.101,2024-08-07T03:07:53,436.0.0.35.101
d6d01bb5-36ae-403e-b638-8288479a8ba8,SUBHASH GIRI,Subhashüòçüòç,5,0,,2024-08-07T03:07:36,
f483f5eb-fc5a-4056-9232-16f5fe107e1d,Sam1 Osabian,very good app I am exciting about the bless,5,0,475.1.0.46.82,2024-08-07T03:05:41,475.1.0.46.82
89056408-11b1-4c40-9325-a417828515c8,Juliet Mendez,always loving family,5,0,,2024-08-07T03:05:25,
ae8d92c5-f90c-4612-ad78-425d641d541a,Suraj Tiwari,Nice,5,0,,2024-08-07T03:05:21,
122858c2-312c-4ccb-8b03-78c8d9e644c8,MacG McAdory,it won't let me verify my account without changing my profile picture üò≠,3,0,475.1.0.46.82,2024-08-07T03:05:07,475.1.0.46.82
13d1c80d-3851-490f-851b-32389ec34fde,Alexander Cadalin,"Facebook prioritizes showing people and pages I don't know rather than those I actually follow. It has a useless notification system where they only notify you of posts from accounts after 6 whole days since they actually posted, making whatever announcements they make irrelevant. Facebook is a time waster scrolling app instead of an effective social media service focusing on hooking you into reels and random posts instead of keeping you engaged with the communities you care for.",3,135,475.1.0.46.82,2024-08-07T03:04:52,475.1.0.46.82
ccacbfb6-fb24-4109-a9d1-05d6350177ce,Sk Tanbir Alam,this platform is very knowledgeable...,5,0,475.1.0.46.82,2024-08-07T03:04:15,475.1.0.46.82
bbd9e8c0-2f06-4a19-be00-4956bdad1fcf,Jamil Farooqi,good,2,0,475.0.0.40.82,2024-08-07T03:04:12,475.0.0.40.82
03397282-3255-4fde-8d6c-6e0df7c03f7b,Amir Sk,‚Å∂‚Åπ‚Å∂‚Å∂dd4,3,0,,2024-08-07T03:04:09,
b6eefb5d-29af-4fc2-84c0-f25d8d7bf665,K (Demontoastie),New meta ai is absolutely trash. Can't look for anything without being forced fed a ln ai chatbot and no actual groups or pages,1,2,475.1.0.46.82,2024-08-07T03:02:13,475.1.0.46.82
dbb36238-2d61-4681-9e39-a369c78dc5dd,Rupendra Kumar,Love you ‚ù§Ô∏è‚ù§Ô∏è‚ù§Ô∏è‚ù§Ô∏è‚ù§Ô∏è‚ù§Ô∏è‚ù§Ô∏è‚ù§Ô∏è‚ù§Ô∏è‚ù§Ô∏è‚ù§Ô∏è‚ù§Ô∏è‚ù§Ô∏è‚ù§Ô∏è‚ù§Ô∏è‚ù§Ô∏è,5,0,,2024-08-07T03:01:18,
f8e26460-0bc5-4c1f-8425-ffa5917b0dcb,Gurchern Singh,good job,5,0,308.0.0.42.118,2024-08-07T03:00:40,308.0.0.42.118
c2273c52-3187-48c0-9ce7-79970ff6b317,Gsgs Fwgsg,Cool,5,0,475.1.0.46.82,2024-08-07T03:00:05,475.1.0.46.82
667271a5-69db-4461-85e1-81de44f9116f,Mozeem Shahzad,Good to use,5,0,395.0.0.27.214,2024-08-07T03:00:05,395.0.0.27.214
06d6bfce-1ac3-4e2a-860c-f15eac25bd97,Arslan Husain,4 is very important,4,0,474.0.0.52.74,2024-08-07T02:59:50,474.0.0.52.74
59908503-4108-44ce-a625-06d46bbc4d3f,Saad GaRa,Very good app for Time pass,5,0,473.0.0.41.81,2024-08-07T02:59:16,473.0.0.41.81
3dbd7ce7-c46d-4b85-aa96-385cdb079cad,A Google user,Poor,1,0,475.1.0.46.82,2024-08-07T02:58:58,475.1.0.46.82
35b46eef-8f0b-4850-a0ad-94886979b3f2,Anime Tv,üôÑü§ì,5,0,475.1.0.46.82,2024-08-07T02:57:07,475.1.0.46.82
fbbc2e7c-c559-488b-a991-0853068df2ce,Zaman Tugyra,I'd love 9√á9,4,0,475.1.0.46.82,2024-08-07T02:56:36,475.1.0.46.82
dab49135-f910-4bae-a3d3-12c854bc3cec,Narendra Yadav,Something went wrong say when I recover my password,1,0,475.1.0.46.82,2024-08-07T02:55:58,475.1.0.46.82
8101ab91-b3ab-4fba-801c-c68bfda8b239,Snap MayGad,I can't turn off my two-factor authentication because there's no option of turning it off. Plss solve this problem,1,0,475.1.0.46.82,2024-08-07T02:55:20,475.1.0.46.82
efc444f4-b31a-41b4-8b3e-611a6d31cd0e,Kumar Chhtu,nice one,5,0,475.1.0.46.82,2024-08-07T02:55:03,475.1.0.46.82
195a0f08-11b5-4164-b2e0-085ba1da7b72,Sandesh Dhami,Good,5,0,475.1.0.46.82,2024-08-07T02:55:03,475.1.0.46.82
cf070e7a-0845-4a90-a140-d3bc4c192435,Bajrangi kumar Bajrangi kumar,BV hh kk **#6;-3&¬£¬£¬£&¬£-ejha,5,0,472.0.0.45.79,2024-08-07T02:54:57,472.0.0.45.79
f741725b-97ba-4128-a5d1-169f6843a50b,Junaeid Bagdadi,good,5,0,475.1.0.46.82,2024-08-07T02:54:57,475.1.0.46.82
41d44993-0b34-4387-a2ee-edbe0411fe90,Dipak Barman,good,4,0,475.1.0.46.82,2024-08-07T02:54:51,475.1.0.46.82
5dd22525-28ea-42b0-a184-38d6e8d43940,Laurah Nduta,The app it's cool,3,0,475.1.0.46.82,2024-08-07T02:54:31,475.1.0.46.82
91110a21-cf71-4e9a-8f32-bf3f94247f45,Maganga Kulindwa,Amazing,5,0,475.1.0.46.82,2024-08-07T02:54:01,475.1.0.46.82
048004f3-decb-450a-9818-efc7e1e0d11b,Anan Kumar,Bhim Kumar,5,0,475.1.0.46.82,2024-08-07T02:53:53,475.1.0.46.82
8f02d548-8e37-4c44-bd64-e2224a093327,mahi pal,jaipal,5,0,475.0.0.40.82,2024-08-07T02:53:27,475.0.0.40.82
f8cbb8e8-daaf-43b2-a598-578b825b254a,Suhan Aktar,Its good app for Android,5,0,474.0.0.52.74,2024-08-07T02:53:08,474.0.0.52.74
4154a463-4ed9-4574-893c-47383d3595ad,Bilash Pasawan,Supper,5,0,474.0.0.52.74,2024-08-07T02:51:07,474.0.0.52.74
2563fd61-db7f-4ae4-aa3d-ccac3c91e573,Akuxi James,"I'm very thankful that the facebook's security is so tight. I almost got hacked but thankfully, Facebook's got my back keep up the excellent work‚ù£Ô∏è",5,0,475.1.0.46.82,2024-08-07T02:50:53,475.1.0.46.82
717b424a-a94f-4724-8df3-cf66923b9325,Nazmul Sarder,good,5,0,,2024-08-07T02:50:43,
831acf30-4d3a-44b8-b562-7a7f411e6354,Soe Kyaw,good,5,0,475.1.0.46.82,2024-08-07T02:47:59,475.1.0.46.82
2a244ac0-4c1f-4dba-a3b2-9b1476ef4d3c,Vikash Sahani,kya bakwas app banai hai ek bhi larki massage nahi kar ti don't install this app,3,0,475.1.0.46.82,2024-08-07T02:47:38,475.1.0.46.82
f5930513-4bfe-45dd-b76c-cbbda4fa36c2,Katrice Secobos,"it's nice to use, it can communicate your friends and relatives.",4,0,475.1.0.46.82,2024-08-07T02:47:32,475.1.0.46.82
402701b0-01ee-496f-b680-fefdb575fc03,Bam Cash,Lllm nnm lol B,5,1,,2024-08-07T02:47:10,
fb5c4b74-6f28-4a1d-8c8b-2725396a6a0a,Chole Hunter,love it put Facebook could definitely make some improvements,4,0,475.0.0.40.82,2024-08-07T02:45:56,475.0.0.40.82
fa38ed4b-dd1d-4e9d-a769-1c6e5082937b,Sahu Kumarr,"‡¥Ö,‡¥ê‡¥Ç‡¥í.",2,0,475.1.0.46.82,2024-08-07T02:45:48,475.1.0.46.82
0c2b8bcf-3065-492b-b466-dc328b43433a,FIDA HUSSAIN MAGRAY,most welcome,5,0,475.1.0.46.82,2024-08-07T02:45:13,475.1.0.46.82
349bc2d3-fac7-4db0-8ccc-2995d19167c5,Shane Kelley,"No matter what I do, blocking accounts, reporting with ""I don't want to see this"", you will ALWAYS keep showing me reels from the same account. Hiding reels from Instagram accounts is broken. Facebook never listens when you tell it to stop showing you something.",1,259,475.1.0.46.82,2024-08-07T02:44:24,475.1.0.46.82
e9882719-b3a0-4257-8ce8-52741404884b,marilyn hattisburg,"FB continues to be a source of wholesome connections, resource for quality information, amusement, on a user friendly platform.",5,0,475.0.0.40.82,2024-08-07T02:44:21,475.0.0.40.82
3320e92c-ed14-4817-88e5-c4823cd005b9,Cathy Yates,Real good,5,0,436.0.0.35.101,2024-08-07T02:44:02,436.0.0.35.101
8dda5581-7d76-4913-942d-d4344d897222,MD Sadhin Ahmed,wow,5,0,475.1.0.46.82,2024-08-07T02:41:22,475.1.0.46.82
9f5a7b7d-f458-458a-8ac9-fa4c60c7851e,Virendra Kumar,very nice üëå,4,0,474.0.0.52.74,2024-08-07T02:40:29,474.0.0.52.74
0cf64da0-f60a-441b-bbe5-6a73baf657b3,Joan Ragobrio,good,5,0,475.1.0.46.82,2024-08-07T02:40:06,475.1.0.46.82
d4bbc443-d192-486a-9f1f-c9f49f24134f,MD.Alamin Islam,Good,5,0,475.1.0.46.82,2024-08-07T02:39:33,475.1.0.46.82
182cc3a4-c674-4682-9c22-ce3b6557bdcd,Manoj,Sewagsewag,1,0,475.1.0.46.82,2024-08-07T02:38:55,475.1.0.46.82
93731927-d275-45fb-b1f6-0ebe336c2864,ABHIJIT DAS,just Looking like a Wow ‚ù§Ô∏è,5,0,475.0.0.40.82,2024-08-07T02:38:20,475.0.0.40.82
f4df9fca-cbf1-4782-ad2e-53bf96021d81,TRENT DEE,üëºüèæüôèüèæ,5,0,475.1.0.46.82,2024-08-07T02:37:11,475.1.0.46.82
6715df80-b563-4c71-a825-05933b110126,Debabrata Roy,good,5,0,475.1.0.46.82,2024-08-07T02:37:09,475.1.0.46.82
0cc5911b-e502-41a8-81d1-eba13acebead,Sunny Sonkar,NYC APP ‚ô•Ô∏è,5,0,475.1.0.46.82,2024-08-07T02:36:26,475.1.0.46.82
f032b4c4-2c14-48e0-bb91-ff9fc56470ce,Bradford Thomas,i enjoy this platform and way of communicating,5,0,475.1.0.46.82,2024-08-07T02:36:18,475.1.0.46.82
fb0423ea-324f-4fe7-bb80-280f0bc431d0,Khadiza Akther,naic,5,0,474.0.0.52.74,2024-08-07T02:35:14,474.0.0.52.74
935ed940-73f8-4a95-a28a-784f7288d0c7,gopal sen,V v v v Good,5,0,475.1.0.46.82,2024-08-07T02:34:57,475.1.0.46.82
0b2d2552-49e4-4561-87e9-e71ac77fc304,Grace Monday Akpan,it's educative and easy to access. nice features Meta.,5,0,475.1.0.46.82,2024-08-07T02:34:02,475.1.0.46.82
6920a10f-ffba-4af0-bf9e-34937e801858,Rohit Yadav,üî•,5,0,460.0.0.34.89,2024-08-07T02:33:56,460.0.0.34.89
f6e7da71-09b9-4b2b-8474-722b1b2fd16a,Md Kamal,nice app,5,0,475.1.0.46.82,2024-08-07T02:33:49,475.1.0.46.82
03e83d6f-29bc-48dc-9c1a-14671437b999,Nayan Raj,nice üôÇ,5,0,475.1.0.46.82,2024-08-07T02:32:48,475.1.0.46.82
7fb8b045-2eba-4e5b-95e6-2ec1e4aa420e,SHARBAN SING PATAR,Dish app is a baD app,3,0,,2024-08-07T02:31:21,
dd9bad83-fb1c-41f2-90f7-fe9393573fdb,MOSHIUR RAHMAN,‚ù§Ô∏è,5,0,,2024-08-07T02:31:05,
b9b0580c-6ac2-4e78-ada0-ca042cfe3c05,Lovely Li,"Since this last update, I've been experiencing issues with opening notifications. Some open just fine, while others are just blank. This is very irritating to deal with.",2,0,475.1.0.46.82,2024-08-07T02:30:41,475.1.0.46.82
c7f6fd30-9993-44bb-aff2-243258c508d6,jimpaks Supera,nice,5,0,436.0.0.35.101,2024-08-07T02:29:53,436.0.0.35.101
f53554ae-2e82-495b-99d6-3660d8c02923,Mamta Mali,Tv options not available please add,1,0,474.0.0.52.74,2024-08-07T02:29:26,474.0.0.52.74
fca6bf50-9ed3-4c65-afd4-d63953e67695,Shree Ram,bekar app,1,0,472.0.0.45.79,2024-08-07T02:29:19,472.0.0.45.79
baeb8f8e-2d66-40f4-a550-fcf10614702c,Tony Tony,it won't allow add up new friends,1,0,474.0.0.52.74,2024-08-07T02:29:02,474.0.0.52.74
9264a07a-4469-4364-ae55-f8fa56795ec6,Prakash Mondal,good,3,0,475.1.0.46.82,2024-08-07T02:28:31,475.1.0.46.82
1edadc5a-49f7-467c-a521-166cd14d9fb6,Sabbir Khan,‡¶ö‡ßã‡¶ñ‡ßá ‡¶ú‡¶≤ ‡¶Æ‡ßÅ‡¶ñ‡ßá ‡¶π‡¶æ‡¶∏‡¶ø,5,0,475.1.0.46.82,2024-08-07T02:28:15,475.1.0.46.82
22f71e50-603c-4674-b603-a96cfb703aaf,Muskan Biswakarma,Sabsa help full Facebook üëçüëç,5,0,,2024-08-07T02:28:12,
689864bf-57e6-48c1-be86-e3e53433802d,Sharvan Sharvanji,nice work üëè üëå you,4,0,475.1.0.46.82,2024-08-07T02:27:48,475.1.0.46.82
a5ae17da-52b6-407d-948b-5f36a6af5981,Kishore Koge,good,4,0,472.0.0.45.79,2024-08-07T02:26:58,472.0.0.45.79
7232eadc-8ddd-43ba-a8a0-682cebde9503,su Dev,üòç‚ù£Ô∏èüëç,5,0,,2024-08-07T02:26:42,
2df13b9b-3552-41e9-9a50-3c6221377753,Santosh Kumar,", in",3,0,471.0.0.35.80,2024-08-07T02:26:10,471.0.0.35.80
39b81282-2529-40a4-bea3-75171fc3047a,Beverly Young,amazing,5,0,469.0.0.39.80,2024-08-07T02:24:46,469.0.0.39.80
57a2e52c-3006-4980-a39e-820664cd3050,umed singh,üõïikm ü•≥ü•≥ynh,2,0,473.0.0.41.81,2024-08-07T02:23:36,473.0.0.41.81
bd468871-e59e-4753-b220-43d346e4b497,Matthew James Hopkins,It would be better if there was no instagram and reel spam.,4,0,475.1.0.46.82,2024-08-07T02:23:12,475.1.0.46.82
b0b406b2-95ab-4ffd-bd09-190709f34f03,SHL Kumar,Very good ‚ù§,5,0,,2024-08-07T02:22:43,
7174dbf7-1415-4985-8b42-3991c263c4a4,Ibn Young,H.E.R,5,0,475.1.0.46.82,2024-08-07T02:22:33,475.1.0.46.82
35c39c41-5f1e-4e74-96a5-ff7158bff714,Surendra Yadav,nice,5,0,,2024-08-07T02:22:27,
37e9a0c7-aa16-4409-8008-512eaa7c5feb,najmul haque,Good appsss,5,0,475.1.0.46.82,2024-08-07T02:22:19,475.1.0.46.82
291b6e81-3691-4f51-9d8a-ca9fbe1f76fc,Pradyut Rabha,Good app,5,0,473.0.0.41.81,2024-08-07T02:22:18,473.0.0.41.81
0c65135f-7e63-4ab1-87a2-86ca967ded88,Kathleen Shortt,"So good, so freshüòç",5,0,475.1.0.46.82,2024-08-07T02:21:57,475.1.0.46.82
89c200a1-1a93-4dea-8a3c-4bbcc84fd0ca,Biangku ______0__7,Good,5,0,475.0.0.40.82,2024-08-07T02:21:45,475.0.0.40.82
cc757e94-74f8-4a96-9817-250320ac2a2a,Stephen P Sykes,"When the product is free, those who use it are or likely to be what's for sale.",1,0,475.1.0.46.82,2024-08-07T02:21:16,475.1.0.46.82
94fad875-60c5-41ba-93a7-1c13544e1d6d,Dilipkumar Dilipkumar,Dilipkumarmukhiya,1,0,475.1.0.46.82,2024-08-07T02:21:10,475.1.0.46.82
c877134a-7ca5-4e06-8af7-affa0689785d,Gelain Ibrahim,Okokokoko,5,0,475.1.0.46.82,2024-08-07T02:20:58,475.1.0.46.82
b54dcc9b-5a9c-4447-8b43-24f6f6bb899f,Pompanna Gundi,Super,3,0,470.0.0.61.82,2024-08-07T02:20:57,470.0.0.61.82
332c9d45-f8b8-4de3-8290-7fe67c113a3d,Parth Gavhare,Thanks For Facebook,1,0,467.1.0.52.83,2024-08-07T02:20:16,467.1.0.52.83
da3b5ca4-362e-4b6c-9979-f214589c08df,Czarinah De Asis,"I do not like that when you are trying to view videos it will go straight to reels. I hate that, I like the old way of viewing of long form videos.",1,0,,2024-08-07T02:18:25,
9a9ad170-2ff5-4e39-8dd8-b264f781e4d3,Neil Brioso,Great,1,0,475.1.0.46.82,2024-08-07T02:15:53,475.1.0.46.82
8fd2a155-e712-4f52-8ddf-85ad89fc4f13,sivance Roy,nice,5,0,475.1.0.46.82,2024-08-07T02:15:47,475.1.0.46.82
05d31b5c-d3fb-4215-9146-0660d50ec27a,Sorif Sk,W wqqwertyjil ZZ xcbnbnmmm theryu8 daywrr owsf FC f yy Ed ingghjo Mwwssfd,4,0,475.1.0.46.82,2024-08-07T02:15:00,475.1.0.46.82
745e253a-c163-4bae-8544-00e9239f31b8,Subhan Khan,I love you,5,0,475.1.0.46.82,2024-08-07T02:14:23,475.1.0.46.82
82c4d90a-d5cf-4801-bcec-78c9747bf047,Mohd Warish,nice,1,0,475.1.0.46.82,2024-08-07T02:14:10,475.1.0.46.82
b4961a70-b8ca-46be-8c9d-72a4a577e41d,Dattatary Chaugale,supar,5,0,457.0.0.54.84,2024-08-07T02:14:04,457.0.0.54.84
03be06db-e9ce-4edd-bb44-545a1f51cee6,Dilushka,‡∂å.,1,0,474.0.0.52.74,2024-08-07T02:13:45,474.0.0.52.74
f89dfc58-e390-436f-a30e-83afd4464184,Minish Kumar,Isfj dgit.,5,0,474.0.0.52.74,2024-08-07T02:13:36,474.0.0.52.74
d8e76a28-62e1-435f-b963-c8fa32fb4f48,Rajaram Saini,aapki service bahut acchi hai sar aap bahut acche se batate Hain,5,0,475.0.0.40.82,2024-08-07T02:12:35,475.0.0.40.82
ae5aeecb-df4c-429f-a50e-5ef973427589,Razi Mr,overall good progress meta apps,4,0,475.1.0.46.82,2024-08-07T02:12:31,475.1.0.46.82
34b93047-b14e-4249-9a32-cb362bb8a8ea,Sabel Ahmed,Nice,5,0,475.1.0.46.82,2024-08-07T02:12:11,475.1.0.46.82
e676af2d-9b05-4dfe-9178-38f5f1853dcf,Akash Rajput,Akashrajpot,5,0,456.0.0.39.90,2024-08-07T02:11:11,456.0.0.39.90
78469775-7944-4cf6-9a07-28a503c2e18b,Suryawanshi Kunjam,Suryavanshi kunj,5,0,475.1.0.46.82,2024-08-07T02:10:58,475.1.0.46.82
8d682e44-3034-45ff-9a67-5faa1eec8a96,Ajoya Nayak,Nice job.,5,0,475.1.0.46.82,2024-08-07T02:10:52,475.1.0.46.82
fba49c7c-1cb8-4a76-922b-7d819c1f286d,Miya Bhai,nice,2,0,474.0.0.52.74,2024-08-07T02:10:18,474.0.0.52.74
cbac0f0e-48d6-4c5d-9354-7637d171d705,Satto kumar,",‡§π‡§Æ, ‡§ö ,‡§∂‡§∂‡§∂",3,0,475.1.0.46.82,2024-08-07T02:10:14,475.1.0.46.82
b5a8fae3-d450-48e7-9ecc-310fd1602ec2,Rajaram Singh R.K TRICK,mast,5,0,475.1.0.46.82,2024-08-07T02:10:11,475.1.0.46.82
619a7490-de9f-4ba3-b6e9-e4095611cf72,Jeneboy Liwas,follower,5,0,,2024-08-07T02:09:54,
7d995160-9561-4195-a8a0-25c2521a7c6a,Ashok Tiwari,Nice,5,0,,2024-08-07T02:09:28,
b2c00233-2e97-4edc-8353-85b6c6e63593,Nikita Sarve,‡§ù‡§∂‡§Ç‡§ú‡§ú‡§õ‡§ö‡§õ‡•à‡§ê‡§ê‡§ê‡§ê‡§ê‡§ì‡§ó,4,0,,2024-08-07T02:09:17,
16c72b13-2d57-4914-b3ea-05c76459ceed,Afreen Begum,üòä,5,0,475.1.0.46.82,2024-08-07T02:08:29,475.1.0.46.82
b4ed2ca5-ab9e-44e3-80a7-762255b0d5ba,Lone Dragon,Update too much & bigger size. Why tf keeping update like every month & if not update work abnormal?,2,10,475.0.0.40.82,2024-08-07T02:08:18,475.0.0.40.82
b134626b-9a84-4959-875e-e09d8694c41f,FARMAN ALI CHANDIO,It's a good social media platform for more updates..,5,0,462.0.0.47.85,2024-08-07T02:08:12,462.0.0.47.85
813465e3-5373-4dab-9fa7-12fc818fb8ce,Arjun Baskey,Good,5,0,475.1.0.46.82,2024-08-07T02:06:27,475.1.0.46.82
8a423e7e-035e-4914-916c-de8618c48a50,Arun Rathod,Nice,3,0,475.1.0.46.82,2024-08-07T02:05:26,475.1.0.46.82
9c313c94-f902-44f2-b044-ca1c32a43e9f,Shriram Erande,Best way to contact friends.,5,0,474.0.0.52.74,2024-08-07T02:05:19,474.0.0.52.74
48ebd44c-5431-4d9f-82a5-ed9033b1f348,seifo ana,ÿßÿ≠ŸÑÿß ÿ≠ÿßÿ¨Ÿá ŸÅŸäŸá ÿßŸÑŸÖÿ≥ŸÑÿ≥ŸÑÿßÿ™ Ÿà ÿ¨ŸÖÿØŸÜÿßŸáÿß,5,0,475.1.0.46.82,2024-08-07T02:05:04,475.1.0.46.82
bd3f9a69-e56c-49fd-8156-b418377e2aba,ApostleRayLive,Cool,5,0,475.1.0.46.82,2024-08-07T02:04:23,475.1.0.46.82
310af5f9-c813-421b-9793-d09c8e6b5f5a,Alyana Marie Casta√±eda,cant create an avatar,2,0,475.1.0.46.82,2024-08-07T02:03:24,475.1.0.46.82
6091dac3-fd2a-40e4-92fe-1290780a0699,Ariyan Islam Sumon Rana,Very nine appsü§ô I love u Facebook üòç so very impotent apps ü§ôall time sarvizü´∞,5,0,427.0.0.31.63,2024-08-07T02:03:24,427.0.0.31.63
2158d160-ee8c-43ce-a42b-1932b9f5aac5,Md Al mamun,good,5,0,475.1.0.46.82,2024-08-07T02:03:20,475.1.0.46.82
196ddc92-4185-447e-98d8-1b14efb09dd4,Sushant Chhh,My favorite and best apps,4,0,474.0.0.52.74,2024-08-07T02:02:49,474.0.0.52.74
d38bc268-438b-4a65-b983-808c759ab13e,Parvin khatun,Parvinkhatun,2,0,,2024-08-07T02:01:44,
c2118fc8-15d3-4e28-b113-7e389104b627,joy prudente,"ever since facebook updated,i can no longer open my original facebook account. i had that account for more than a DECADE! and just because they updated their verification, i can no longer recover my account because i changed my phone! now tell me how can i have my old account back because your solutions online sucks!",1,1,475.1.0.46.82,2024-08-07T02:01:44,475.1.0.46.82
df7f8d5f-4a33-41e0-8654-35f40ec2e66e,Aaron Rendon,ridiculous amount of adult content & pornographic advertising! ZERO customer support and very biased algorithms. Facebook has become an absolute social media joke over past +5 years,1,1,475.1.0.46.82,2024-08-07T02:01:18,475.1.0.46.82
821cac4c-25f2-420c-bab4-c0f9d39f95d6,Zainkhan Zainkhan,nice üôÇ,5,0,475.1.0.46.82,2024-08-07T02:01:01,475.1.0.46.82
86bdb1c4-b5a1-453c-ba65-ed05a1f9ac83,Kathy Bailey,I love you both so much!!!!!,5,0,475.1.0.46.82,2024-08-07T02:00:59,475.1.0.46.82
78fbd700-798c-49fb-b99c-7c04d7285fb8,‡®Ö‡®≠‡®ø‡®∏‡®º‡©á‡®ï ‡®ú‡®æ‡®ü‡®µ ‡®ú‡©á.‡®¨‡©Ä.‡®ê‡©±‡®∏,good,5,0,474.0.0.52.74,2024-08-07T02:00:59,474.0.0.52.74
44d67dd6-a607-42ac-abff-5bcfbb91156f,Krishna Das,Good,5,0,475.1.0.46.82,2024-08-07T01:59:58,475.1.0.46.82
4b26cf2d-84c7-4347-91ff-b997362f1b64,Rony boy,nice,1,0,475.1.0.46.82,2024-08-07T01:56:18,475.1.0.46.82
08bc00a3-02c3-49d9-bfdd-a7803a8d2332,Raja Rawat satar 546 RAJA Rawat satar 556,Raha,1,0,474.0.0.52.74,2024-08-07T01:55:24,474.0.0.52.74
c12024f1-9268-46b6-a4db-62303d34fd36,Roy Stewart,Roy Stewart I'm single,5,0,475.1.0.46.82,2024-08-07T01:53:17,475.1.0.46.82
c9e9a491-4579-484e-9118-fd680c9b4a0b,Gyanu Pandey,all is well ‚ù§Ô∏è‚Äçü©π,5,0,475.1.0.46.82,2024-08-07T01:52:46,475.1.0.46.82
ea04fbe8-841e-43d5-8912-42477afcbad8,Minahil Tariq,I have always update issue,1,0,475.1.0.46.82,2024-08-07T01:52:23,475.1.0.46.82
ade99216-6689-4119-96d4-177a09353e9e,Md Danish,Md Danis,5,0,475.1.0.46.82,2024-08-07T01:51:39,475.1.0.46.82
a3443253-5060-4164-90c2-8705df4140b9,Muhammad Ridzuan,the best app tq,5,0,,2024-08-07T01:51:00,
0e978554-5bfd-4869-9274-557301ee3779,kaizer mudau,it's good & easy to use,5,0,459.1.0.42.84,2024-08-07T01:50:32,459.1.0.42.84
3b577bdf-ee7f-44f4-8d06-4ab43b98fe62,Arthur Sala,"hugh, it's just a movie.",3,0,445.0.0.34.118,2024-08-07T01:50:12,445.0.0.34.118
95a07226-9a06-4b60-aad7-35672cd0b283,Md Murshad,good,5,0,475.1.0.46.82,2024-08-07T01:50:11,475.1.0.46.82
e6d4f8df-f39a-4a99-966f-c7d0b6908fbd,Elizabell Thunderwood,Too many ads & oppressive algorithms & censorship. Ugh,1,0,451.0.0.45.109,2024-08-07T01:49:55,451.0.0.45.109
f603d961-3e32-4526-a92c-3438b44c2002,Janco Vries,Can't access Facebook marketplace. I don't know why. Completely useless,1,0,475.1.0.46.82,2024-08-07T01:49:39,475.1.0.46.82
169397c3-cc3c-4366-bf6b-4a43d105adcf,Shakeel Ahmad,gorgeous,5,0,474.0.0.52.74,2024-08-07T01:47:37,474.0.0.52.74
e24498e5-cf28-4a2a-9c43-dbbfe5bad1b9,Renu Gupta,Manish gupta,5,0,,2024-08-07T01:47:06,
7ef086f5-049c-47c4-998f-619e600eae6c,Gutam Hazra,So good üëç,5,0,465.0.0.63.83,2024-08-07T01:46:19,465.0.0.63.83
01a0c749-6025-4e6c-89c2-c903e90f34fd,Boby Kumar,Bekar,1,0,,2024-08-07T01:45:37,
10021b02-59da-495c-b55c-3eca19f8cacb,ARUN KUMAR SINGH,UDAY KUMAR,5,0,,2024-08-07T01:45:02,
e2cc5846-27e1-4936-85db-215ae7dd4f0b,Kimberly Eurich,I love Facebook..;),5,0,475.1.0.46.82,2024-08-07T01:44:26,475.1.0.46.82
f911928d-2a63-421f-a41d-c9d82f92f4af,Ryan Comahig,good for me,5,0,475.1.0.46.82,2024-08-07T01:43:22,475.1.0.46.82
ec63cd7d-6e4d-4ccc-990a-844511d87074,kardeshar mac donald,Too much ads it's ridiculous way too much,1,1,475.1.0.46.82,2024-08-07T01:41:23,475.1.0.46.82
e55672c4-73d2-430c-98ea-527f5f257d65,Dinesh Kumar,Very nice app,5,0,,2024-08-07T01:41:10,
5f2fc15f-7927-49f9-ab7b-28eb0cf128b5,Mainul Islam,Facebook is a great platform in the world...i love this ‚ô•Ô∏è‚ô•Ô∏è,5,0,,2024-08-07T01:41:09,
66dc256c-1091-44c7-a1d8-33a00871939f,Raju Yadav,FB IS ONE OF THE BEST APP,1,0,475.1.0.46.82,2024-08-07T01:40:08,475.1.0.46.82
709e519f-5aed-4670-86ef-0f346ab3a0fe,Erick Warden,Filled with left wing propaganda and right wing censorship.,1,0,475.1.0.46.82,2024-08-07T01:39:39,475.1.0.46.82
788c5d96-6ba1-440b-98dd-eff00a159b37,Silpa Mal,very nice üëç,5,0,454.1.0.49.104,2024-08-07T01:38:57,454.1.0.49.104
13eb63dc-d7b9-438e-9706-5b61d8271e33,Otgon Otgoo,Ok,5,0,474.0.0.52.74,2024-08-07T01:37:39,474.0.0.52.74
293361b2-cd79-4def-bead-f7fe4ae481c5,md rasel,Niceüö©üö©üö©üö©,5,0,475.1.0.46.82,2024-08-07T01:36:35,475.1.0.46.82
6d3f2f8a-2520-4017-a014-77a836919b56,4h233y,"these sticks will burn üî• for 20 to 30 min . My favorite is 2 at once mixing scenes- the blended smells are great üëç individually also , but they are all amazing burn long and smell amazing",5,0,475.1.0.46.82,2024-08-07T01:36:31,475.1.0.46.82
a8a20476-257f-44ed-ad58-3e6da0f2ac9e,Itz Imran shaikh 11,facebook is frend in my life,5,0,475.1.0.46.82,2024-08-07T01:35:23,475.1.0.46.82
d1cb6e2c-64d5-425a-8753-60a86c9b1aff,mdjisan mia,nice,5,0,474.0.0.52.74,2024-08-07T01:34:57,474.0.0.52.74
96ee7147-3363-4013-b545-baa08f77fc98,Sagorika Tripura,Good Apps,5,0,462.0.0.47.85,2024-08-07T01:34:55,462.0.0.47.85
6cb45c9c-d645-4316-a528-0082feceea01,Md Dawud Nobi,good,5,0,472.0.0.45.79,2024-08-07T01:34:19,472.0.0.45.79
240bd88d-82f4-4685-9bb6-f06ca4d56727,Sean Barlow,Awesome,5,0,475.1.0.46.82,2024-08-07T01:34:13,475.1.0.46.82
56436344-70d1-4cc2-ac7a-2df7e7be3bf8,Sanjay Pal,very nice üôÇüôÇüôÇ,3,0,475.1.0.46.82,2024-08-07T01:33:53,475.1.0.46.82
cf2d9469-21a0-411c-bdfc-b1341e4b5987,Myint Kyaw,ok,5,0,473.0.0.41.81,2024-08-07T01:33:32,473.0.0.41.81
291ec91a-d8a6-4a17-b62f-62d504bb0d99,Imtiz Ali,Nice,5,0,475.1.0.46.82,2024-08-07T01:33:27,475.1.0.46.82
f2680eda-cebf-48c7-bc31-a10926d18a9d,Apon Das,This is rele so good app,5,0,,2024-08-07T01:32:29,
d8351d5f-ff3d-4e9c-a4d4-ed166db6a1a6,Annajoy Bocausin,Pesting yawa a ka,5,0,467.1.0.52.83,2024-08-07T01:32:28,467.1.0.52.83
1e71f787-68ea-4f3a-80f7-dfc6d2ec19d5,Biru Murmu,please open,5,0,,2024-08-07T01:32:26,
274f85cd-c470-4c4b-9811-8f5782b9adf2,Celmary Atienza,I just want to give 4 stars thats all,4,0,475.1.0.46.82,2024-08-07T01:32:12,475.1.0.46.82
f240e9df-08c5-4006-a7c9-2a03bffe457b,Rohit Kumar,good,5,0,475.1.0.46.82,2024-08-07T01:31:47,475.1.0.46.82
404c8634-3916-4db9-a6a0-17d743ea5da2,Gregory DeBorde,love that I can get a hold of and find old friends family shipmates,5,0,475.1.0.46.82,2024-08-07T01:31:13,475.1.0.46.82
ee22b86f-9496-476e-8d6c-bd65ea08a5eb,Aii Bux Bux you,Aii Bux you,5,0,475.1.0.46.82,2024-08-07T01:30:50,475.1.0.46.82
4f347026-08a6-4f51-8d0b-534c2300030c,Sukla Paul,BALAE FACE BOOK,4,0,,2024-08-07T01:30:25,
f95c4618-67ab-4dc0-a6bb-a34f024e58cc,Nironjon Roy,nice appü•∞ü•∞,5,0,475.1.0.46.82,2024-08-07T01:28:43,475.1.0.46.82
a2d5daa2-a7fa-4d2d-9d6b-479d8782445b,Nahid Islam,‡¶®‡¶æ‡¶á‡¶ö,5,0,,2024-08-07T01:28:26,
24b1fcee-369f-4d67-a253-0eed9d61a575,Tofik Pathan,yas,4,0,459.1.0.42.84,2024-08-07T01:28:17,459.1.0.42.84
0c1c4ce3-83f0-4ab5-a9bc-87308d66ccca,JNETSKY ESPEJO,ü§îü§îü§î,5,0,475.1.0.46.82,2024-08-07T01:26:00,475.1.0.46.82
57847e0b-779f-4b7d-a6cc-1d8fcad1a12d,Mayi Vijairaj,üòîüòîüòîüòî,5,0,,2024-08-07T01:25:26,
024ad8ab-e5a4-4631-951f-8aa700a47966,Deniel Sangma,ok,5,0,472.0.0.45.79,2024-08-07T01:24:16,472.0.0.45.79
b4e86b42-914d-4b7a-9dd5-8af677d2d786,Akter Hussen,good,5,0,475.1.0.46.82,2024-08-07T01:21:23,475.1.0.46.82
aa134944-23ad-4cb1-862f-3a9d7fe2249f,Francisco Javier,too many adsü§°,1,0,475.1.0.46.82,2024-08-07T01:21:13,475.1.0.46.82
23ae371b-991b-437f-adff-1f1b5538f3f7,Dost Mohammed Tamjid,Good Facebook,5,0,467.1.0.52.83,2024-08-07T01:20:52,467.1.0.52.83
72a8ec01-377d-4b81-adc1-9474b8a6fb05,Mohit Kumar,M0hit Prajapati,5,0,474.0.0.52.74,2024-08-07T01:20:47,474.0.0.52.74
a3f867ca-4ad0-4e83-a61f-4a53e2b366fe,B. Michael Smith (Brandon Smith),too many hypothetical rules,3,0,473.0.0.41.81,2024-08-07T01:20:07,473.0.0.41.81
b657c535-360b-4cea-8231-000b89f31b1b,Sikder Hossen,Nice,4,0,475.1.0.46.82,2024-08-07T01:19:29,475.1.0.46.82
40370b7a-b34e-4849-a91b-65c9be88a630,Abdulla Rajpoot,u y? h? u? g g! q?? uy u! ? and? y? ty,5,0,412.0.0.22.115,2024-08-07T01:18:20,412.0.0.22.115
bba1c08d-0e74-4845-afc0-52e8bce64aa2,Rizwan ali Rizwan 00,ACCOUNT. FB 1 official,5,0,475.1.0.46.82,2024-08-07T01:15:41,475.1.0.46.82
36ba390d-4536-4cdd-ae12-41394a79e1f2,James Labide,nice,5,0,475.1.0.46.82,2024-08-07T01:15:23,475.1.0.46.82
44361aa9-91f2-4928-90d5-8c040996e417,olarewaju gabriel,gold,5,0,427.0.0.31.63,2024-08-07T01:14:53,427.0.0.31.63
92f669f3-344a-475e-a453-7051bf4b83ee,Matthew Dean,Not a big fan of platforms that are kind of like TikTok.,4,0,475.1.0.46.82,2024-08-07T01:14:28,475.1.0.46.82
73c00c6d-eb49-4713-b33e-ed59a4ed83fb,Jihu vojith,good,5,0,,2024-08-07T01:13:56,
3eb51042-868c-4daa-91d3-ddb3dba53eb0,Faruk uzzaman,Community comunication cite.,5,0,475.1.0.46.82,2024-08-07T01:13:38,475.1.0.46.82
ad9361ce-8ca4-4995-8f73-8a3371b52653,Morrison Scott,too much ai,1,0,,2024-08-07T01:12:40,
daa251cc-ea53-417a-be36-f915fdf29e88,Muhammad Naseer,"beautiful supporting app,I like it,",5,0,475.1.0.46.82,2024-08-07T01:08:54,475.1.0.46.82
b02e6662-fa37-42d9-aad2-7f65db41ede6,Chandra Rusk (Chandy),"easy to work, the only thing I would change is being able to reach someone when your account is hacked. I love how it has grown with the times",4,0,475.1.0.46.82,2024-08-07T01:08:38,475.1.0.46.82
eabca01e-4963-4fd2-af6e-719c05c68868,Savita Bai,very nice üôÇ,1,0,475.1.0.46.82,2024-08-07T01:08:03,475.1.0.46.82
dfe306c7-e331-4a6f-9243-26d079fa744d,Tripuranjoy Mahato,good day,5,0,472.0.0.45.79,2024-08-07T01:07:45,472.0.0.45.79
7cd53cb4-99a5-4227-8e5a-491a7930c8f7,Akash Badwal,Best,5,0,475.1.0.46.82,2024-08-07T01:07:23,475.1.0.46.82
5106f9d8-528f-4c46-9ebc-d74d446b3b60,Zulfiqar Ali,ÿß€å⁄© ÿß⁄Ü⁄æÿß ŸæŸÑ€åŸπ ŸÅÿßÿ±ŸÖ ⁄æ€í,5,0,471.0.0.35.80,2024-08-07T01:06:58,471.0.0.35.80
29e3bdf7-ae01-49e2-8cec-3e6a78c93b14,Eric Maxwell,Spamware. Auto installed.,1,0,452.0.0.45.110,2024-08-07T01:06:20,452.0.0.45.110
8b15617e-2c06-4c81-aac8-eb124870329a,Herlex Bulosan,Good na goods,5,0,475.1.0.46.82,2024-08-07T01:05:41,475.1.0.46.82
eceb1a29-6a7b-4e24-8cd9-00708c12a020,John D.,great tool for Russian bots.,1,0,475.1.0.46.82,2024-08-07T01:04:45,475.1.0.46.82
f790efb3-4f46-4fcb-84e7-f8afd547a79b,Md Rime bin yamin,Facebook Amader Onike Sahajo Kore,5,0,,2024-08-07T01:04:12,
516532f3-32f2-4e2c-862b-351fcc3f5894,Atashi Mondal,Detroit,5,0,,2024-08-07T01:02:40,
3ba7db47-abba-4c52-818c-b4a1bf9f21d4,Luigi Medino,is good apps thanks,5,0,475.1.0.46.82,2024-08-07T01:02:27,475.1.0.46.82
9b82fb30-82dc-4831-bd92-d9a0ebb623f7,2000 23,Ywozg,3,0,397.0.0.23.404,2024-08-07T01:02:24,397.0.0.23.404
09efa333-9d67-462d-8bc2-308fdeef3a68,Htet HtetWai,good,5,0,467.1.0.52.83,2024-08-07T01:02:02,467.1.0.52.83
03105030-ac64-489c-94ca-c026d3bc9445,Lyall D,"Doesn't let users sort their feed in order of date posted, but promotes posts date weeks ago, usually after their relevance has passed. It should also be possible to easily mark posts as having been Read so they don't clutter up the feed, but that seems to be too hard for Facebook. So I have to resort to ""hiding"" everything I've read, but Facebook appears to have blocked that ability for those of my friends who post rubbish I don't want to see. Overall a very timewasting app with very poor UX.",1,0,475.1.0.46.82,2024-08-07T01:02:01,475.1.0.46.82
fa1a1b22-8600-4f2d-b0ed-abfb6b4351ea,real mexicanoz8,fantastic,5,0,475.1.0.46.82,2024-08-07T01:01:50,475.1.0.46.82
460c5dc7-3374-4ec2-b9f5-feaf6307499a,tGENTeneeRke Rugzak,too much publicity,1,0,475.1.0.46.82,2024-08-07T01:01:30,475.1.0.46.82
31a71ebd-8248-4e13-8bf8-367b57f90693,Avtar Gosal,Super,5,0,475.1.0.46.82,2024-08-07T00:59:52,475.1.0.46.82
b8b740b1-5065-4207-8456-92099600454b,Evans,good work guys,5,0,,2024-08-07T00:59:40,
772de605-5d5c-46b5-aab1-35d8be77c88c,Aslam Chaudhary,"""My Status (Send SMS command to 6085) SUB to subscribe, UNSUB to unsubscribe, VIEW STATUS to check status, to set status e.g., Pakistan Zindabad""",5,0,475.0.0.40.82,2024-08-07T00:59:13,475.0.0.40.82
b03d2b2e-87af-42e1-889c-ed04770a1e47,Rajiv Tripathi,nice brother,5,0,475.1.0.46.82,2024-08-07T00:58:54,475.1.0.46.82
40264008-6291-4779-a72b-f1ea586af723,Sanar Hamsani,None,1,0,,2024-08-07T00:57:35,
b8fce940-18a3-4944-aff7-6eb1a59baddc,Muthu Eswari,Face book is work app,5,0,,2024-08-07T00:57:34,
95288f37-c159-4cf0-94ec-714abd33f5ff,Jahangir Shaikh,Jahangirshaikhll,1,0,475.1.0.46.82,2024-08-07T00:57:31,475.1.0.46.82
f0dfbed6-5c1e-4619-b1ff-4c6859a69697,Jim Eastman,"absolutely Amazing, Fantastic job, well done",5,0,475.1.0.46.82,2024-08-07T00:56:40,475.1.0.46.82
d2287c9b-e6b2-4759-a81a-cbadfa48a445,Dipak Khanal,Wow,5,0,475.1.0.46.82,2024-08-07T00:54:52,475.1.0.46.82
b89ede12-21c4-4110-b888-80858cf48334,Angela Brock,"Father God call's another Angel Home, Glory;",5,0,473.0.0.41.81,2024-08-07T00:54:22,473.0.0.41.81
6ffeb2fd-5783-40b9-bd6f-8784991d7afe,Bryan Smith,it's just terrible,1,0,475.1.0.46.82,2024-08-07T00:53:33,475.1.0.46.82
f8e4eefd-1c04-4a73-9e1c-53a24b45e2f6,Raouf Bdr,Stopp your geno colonizer,1,0,474.0.0.52.74,2024-08-07T00:53:10,474.0.0.52.74
8c0a59e4-3aa4-4e9e-b049-213b607f4ccd,Ramanand Kumar,Ramanand raj,5,0,475.1.0.46.82,2024-08-07T00:52:19,475.1.0.46.82
84ef3a44-bf74-4115-aab6-6db5c375dcdb,William Omorojie,Cool üëçüëçüëçüòéüëçüòéüòéüòéüëçüëçüëçüëçüòéüëçüëçüëçüëçüòéüòéüëçüòéüëçüëçüëçüëçüòéüòéüòéüòéüëçüòéüëçüëçüëçüëçüòéüòéüòéüòéüëçüòéüëçüëçüòéüëçüëçüòéüëçüòéüòéüëçüëçüëç,5,0,472.0.0.45.79,2024-08-07T00:51:11,472.0.0.45.79
e094119b-9cf8-4834-8cf0-a478757e6c5c,Om prkhash Gupta,Omprakash Gupta,4,0,475.1.0.46.82,2024-08-07T00:50:13,475.1.0.46.82
4638e224-f8ad-49fc-87ac-75d0f8e9b1c4,Baley Arage,for creativity,5,0,475.1.0.46.82,2024-08-07T00:49:08,475.1.0.46.82
ea4a94d3-1801-426c-bdbd-5b1784224e5a,Gautam Royal,Nice üëçüôÇüôÇüôÇ,4,0,473.0.0.41.81,2024-08-07T00:49:05,473.0.0.41.81
949d457a-99ba-4808-b544-3932858d17c9,Dalpat Malviya,Vinod kumar Malviya,5,0,,2024-08-07T00:48:18,
2061c3c3-0d9e-423e-b494-f9902a8b39f9,Dr.Gafaar Eltahir,Why I don't have a profile picture guard feature?,5,0,475.1.0.46.82,2024-08-07T00:48:13,475.1.0.46.82
34760b7f-dac2-4dfe-a1e6-8a3601ec02ef,mohbol Shaikh,Masum,2,0,,2024-08-07T00:47:25,
6ef5209e-3da7-4c89-b15f-719bc4ead9e6,Michael Eric,I like it,5,0,474.0.0.52.74,2024-08-07T00:44:49,474.0.0.52.74
4c131795-7df1-4822-b505-7189bd0b2a3b,Nabin,Yommgiuooho.2 .. m m ww.cmm cmmcmmmcüòÄ Mmccm mcm C Mcc B,3,0,475.1.0.46.82,2024-08-07T00:44:39,475.1.0.46.82
de3c38ea-cdfc-4b77-a2ea-980b46177c36,Sujanta Chakma,I LOVE Facebook.. From Bangladesh,5,0,475.1.0.46.82,2024-08-07T00:44:31,475.1.0.46.82
a03ae008-319e-44fd-83d9-2b5e5803eaad,F J,my girl! I love her so much,5,0,475.1.0.46.82,2024-08-07T00:44:01,475.1.0.46.82
566beb17-6b28-4805-820c-61b201440768,dan barulich,I think the censorship sucks you get attacked verbally but can't respond and lose your page and have start all over,2,0,475.1.0.46.82,2024-08-07T00:43:24,475.1.0.46.82
fab0f55e-109d-4648-89b8-65a1b20101b7,Hybra rajput,very good üëç,5,0,474.0.0.52.74,2024-08-07T00:42:24,474.0.0.52.74
15869076-e949-4f3a-a081-55f1b4e09679,Ryan Connell,to many ads,1,1,475.1.0.46.82,2024-08-07T00:42:08,475.1.0.46.82
7a9a4c6d-b745-405e-affe-489cd69ff558,MD. NOOR UDDIN MASHUD lit_suhan,I love this app,5,0,475.1.0.46.82,2024-08-07T00:39:52,475.1.0.46.82
80e0baa9-cf3e-4c8a-8045-5d79d2f1d403,Ramsewak Das,Aap is very good aap in my facebook,5,0,,2024-08-07T00:39:37,
3f1e8bd5-1b0b-475e-9c1d-d23bd74e2410,Samy Gouigah,"There is no freedom of expression if I express my opinion with respect that delete my comments, stories, posts, or my accountü§¶‚Äç‚ôÇÔ∏è‚ùå",1,0,475.1.0.46.82,2024-08-07T00:39:15,475.1.0.46.82
9a87ac21-1c0d-4dc0-89c1-45d1e818139a,Ma Ma,good,5,0,474.0.0.52.74,2024-08-07T00:37:46,474.0.0.52.74
8d731814-27e8-46f6-a0a3-fa60dd88728e,MONIRUL Islam,‡¶ó‡¶π‡¶π‡¶π‡¶π‡¶π‡¶π‡¶π‡¶π,5,0,475.1.0.46.82,2024-08-07T00:36:01,475.1.0.46.82
a7a94193-5fd4-4ae5-a85f-895edac10a23,Paballo Mariri,Good,5,0,,2024-08-07T00:35:40,
caa47c3a-ffab-4107-8d95-4472c752cee3,Alvin Paual,Very good,5,0,475.1.0.46.82,2024-08-07T00:35:24,475.1.0.46.82
4d7e8f73-0ad8-490f-b620-8a6bc80d48cc,Stepfan Tyler Atcheson,I love Facebook because I really like to check on my family,5,0,475.1.0.46.82,2024-08-07T00:34:07,475.1.0.46.82
fca153ca-407d-48f6-8b69-4a002edc5aa6,Rustom Dela cruz,very good well-done,4,0,475.1.0.46.82,2024-08-07T00:33:21,475.1.0.46.82
adecc0fd-0d7f-4eac-944d-d587b7f09956,Hanna Reyes,very good,5,0,475.1.0.46.82,2024-08-07T00:33:00,475.1.0.46.82
2aa04786-a200-47dd-9464-4cf097f221aa,Steven Cordova,great,5,0,475.1.0.46.82,2024-08-07T00:32:57,475.1.0.46.82
c9297301-6a43-47f7-b6f4-823120a765b7,Outlaw Tango,The App is biased and operates with double standards,1,0,475.1.0.46.82,2024-08-07T00:31:16,475.1.0.46.82
99855136-9b94-40e8-91d2-13e4cd7f3fb6,Robert Barker,Not able to retrieve Facebook on my phone ‚òπÔ∏è Your app really is unacceptable. Haven't been able to login for over two months. So üñï OFF,1,0,475.1.0.46.82,2024-08-07T00:31:15,475.1.0.46.82
1c593d1d-6ee1-49b7-a3a4-b7fd0887a7c2,Muhammad Syafiq,It's not valid... too much monthly payments... it's just are stars condo. But it's enough for me...,5,0,,2024-08-07T00:30:14,
b27e0f05-ed20-4100-8989-cbac6cd48c84,Tijani Sampa,cool,5,0,475.1.0.46.82,2024-08-07T00:29:07,475.1.0.46.82
90f96a6a-2d30-4c02-915b-3bfef648585c,Ronald Raine,good app to stay up with family and friends,5,0,475.1.0.46.82,2024-08-07T00:28:56,475.1.0.46.82
4ed2bcaa-9177-43ab-90d0-667049a87d03,Ali Khan,good,5,0,475.1.0.46.82,2024-08-07T00:27:57,475.1.0.46.82
bd05b5cd-7926-4e3b-857b-22285d386f2e,Eric Neo,good,5,0,475.1.0.46.82,2024-08-07T00:27:24,475.1.0.46.82
35584e73-c962-4d5a-a4bf-cd6ec1dbead0,Gracie Rice,This game is awesome,5,0,447.0.0.24.113,2024-08-07T00:26:20,447.0.0.24.113
3e3e1457-19e1-4fd8-b6c5-31ae0b704400,Suzan Fakir,üò≤,4,0,475.1.0.46.82,2024-08-07T00:25:24,475.1.0.46.82
aaa9da60-a87a-4a68-97d5-70f3df51470e,Dm Bijoy,very nice,2,0,475.1.0.46.82,2024-08-07T00:25:13,475.1.0.46.82
03e968c6-c326-4555-b9a7-12fe299d37cc,Hm Sharif,good apps,5,0,460.0.0.34.89,2024-08-07T00:21:28,460.0.0.34.89
31bd9115-d0e2-46a3-baeb-9f1bf00a874d,Jonathon Davis,"Wont let you use the marketplace unless you are active and spewing garbage on your feed. Being active in marketplace doesnt count, they will disable your access",1,0,475.1.0.46.82,2024-08-07T00:21:13,475.1.0.46.82
79a10e27-4694-43df-b6b3-f1299f9c317f,Stephanie Laput,I like it,5,0,475.1.0.46.82,2024-08-07T00:20:02,475.1.0.46.82
614d2064-86cc-49b0-a0f9-a75be972cb7e,Kgotlelelo Matlakala,I like this app,5,0,,2024-08-07T00:19:29,
7e7ebc61-4bbf-4758-bf15-9cd2a4f9e0ee,Red Vincent,Facebook was great,5,0,475.1.0.46.82,2024-08-07T00:18:45,475.1.0.46.82
aa5abec5-2673-4c10-a9cc-5713f6428177,Aditiya Putra,"Always ""no info from developer"" when update is available. Lazy dev",1,1,474.0.0.52.74,2024-08-07T00:17:58,474.0.0.52.74
d959cba7-2e51-4d6c-ad58-77cdea25059c,Rasel Ahmed,I need toh Update facbook.,5,0,262.0.0.34.117,2024-08-07T00:16:18,262.0.0.34.117
befe1462-7d26-48c8-9fd8-056ff152e168,Am Kh,Absolute bias towards Israel,1,0,472.0.0.45.79,2024-08-07T00:15:40,472.0.0.45.79
ff34600b-8ef5-4ace-a811-25cb5bbda0f9,Jacqueline McCormick,should not give device info,1,0,475.1.0.46.82,2024-08-07T00:15:29,475.1.0.46.82
00a7f30d-8565-485e-b579-99035e86e651,gwjsk777,"this app keeps becoming more and more worse I can't add the what'sapp button to my business profile it doesnt turn on, I can't disconnect the number from my profile everytime I click disconnect It doesn't work it's keeps loading without nothing happening, the reels there are so sexual and theres no option of blurring these stuff or even getting rid of them, the app freezes and keep loading with nothing showing up",2,0,475.1.0.46.82,2024-08-07T00:14:55,475.1.0.46.82
c617f7b8-d6e4-49ee-888f-df20ae0feb94,Akash Mahato,good,2,0,475.1.0.46.82,2024-08-07T00:14:34,475.1.0.46.82
ce4992d9-b5d2-4bef-918e-b71b5d8f91fc,Ali Han,ALI han Baloch,1,0,475.1.0.46.82,2024-08-07T00:14:03,475.1.0.46.82
ca2d50fc-af80-4fd8-86e9-f4943c3f5262,Hershey Maala,Very oa,1,0,475.1.0.46.82,2024-08-07T00:12:05,475.1.0.46.82
c408bf99-e7fd-43d3-88d7-bcf8ff7ffa11,Neil Blake,Stressed üò•,5,0,475.0.0.40.82,2024-08-07T00:11:50,475.0.0.40.82
f8b26d29-0370-4f78-8935-652ad05046b0,Jie Shaca,Perfect üëå,5,0,473.0.0.41.81,2024-08-07T00:10:57,473.0.0.41.81
aa00941f-d5c0-4495-9c29-4954bbb5f624,Ismail Hossain,good video,5,0,447.0.0.24.113,2024-08-07T00:07:07,447.0.0.24.113
a5f0295a-ef01-498e-9899-8fa4bba534fa,Man mahan Sing,Nyu lol KK kkik Hi,5,0,464.0.0.60.90,2024-08-07T00:07:06,464.0.0.60.90
1e59c0ee-17f7-4d15-a298-563f43258ebd,Kharal shang Shng,Good performance,5,0,,2024-08-07T00:06:59,
f2582af3-30d7-42a0-bef5-32bd8f099b1b,Raj Singh,"Xxx,,,,",5,0,468.1.0.56.78,2024-08-07T00:06:53,468.1.0.56.78
541829cc-5e2c-4d01-a6b0-45218d10f6f1,Md Minhaj,awsome,3,0,475.1.0.46.82,2024-08-07T00:05:24,475.1.0.46.82
bc4621e9-42c7-4d60-9a1b-45b8dd4c835d,Charles Jones,it takes away from my life and work.,1,0,475.1.0.46.82,2024-08-07T00:04:44,475.1.0.46.82
d03ba401-14e8-4f0f-a46e-f91414fac5bb,Kingv10k Amir,Bad snamb,5,0,475.1.0.46.82,2024-08-07T00:04:27,475.1.0.46.82
a1c8259e-b71a-4b70-b62d-c2dbcff5daf2,Clark Orfiano,I love Post ever,5,0,,2024-08-07T00:03:56,
25b9e010-848c-4185-a806-451ee5b59c20,Baburaj Lama,nice app,5,0,475.1.0.46.82,2024-08-07T00:02:53,475.1.0.46.82
9dec3d20-b941-46e3-a3ab-09420119f9e2,Dinesh Prasanth,Dhineshprasnth,5,0,475.1.0.46.82,2024-08-07T00:02:02,475.1.0.46.82
0088efcf-8d97-43b6-be36-9c1ff4d2c305,Kehindeife Sanni,Good,5,0,475.1.0.46.82,2024-08-07T00:01:48,475.1.0.46.82
93c14485-0d22-4971-ad09-1d86755218ee,Retta Andy,Don't like the suggestions that keep popping up in my news feed. I just want to see my friend and family and what they are talking about. To many ADS it is aggravating.,1,97,474.0.0.52.74,2024-08-07T00:01:21,474.0.0.52.74
ce91d08f-6643-4efb-9ec8-bfd1709ae177,TJC for Jesus,I still think they're too much censoring going on.,2,0,475.1.0.46.82,2024-08-07T00:00:40,475.1.0.46.82
4460282c-dd94-460f-92ba-6649119a64e9,Irfan Bhat,baaing ÿ®ŸÅÿ±ŸÜ ÿßŸÑÿ≥ŸÑÿßŸÖ ÿπŸÑ€å⁄©ŸÖ! ŸàÿπŸÑ€å⁄©ŸÖ ÿßŸÑÿ≥ŸÑÿßŸÖ! ÿØŸàŸæ€Åÿ± ÿ®ÿÆ€åÿ± ÿ¥ÿßŸÖ ÿ®ÿÆ€åÿ± ÿ¥ÿßŸÖ ÿ®ÿÆ€åÿ± ÿ¥ÿ® ÿ®ÿÆ€åÿ± ÿ¥ÿ® ÿ®ÿÆ€åÿ± ŸÖÿß ÿ¥ÿßÿ° ÿßŸÑŸÑŸá ÿ¢ÿ¨ ŸÖŸàÿ≥ŸÖ ⁄©€åÿ≥ÿß €Å€íÿü,3,0,475.1.0.46.82,2024-08-07T00:00:20,475.1.0.46.82